1,story,methodology,405,,1663658797000,false
2,story,model,157,,1672540057000,true
3,story,intangible,355,,1675491764000,true
4,story,coherent,354,,1666747624000,true
5,story,next generation,614,,1655887422000,true
6,story,secured line,810,,1676298185000,false
7,story,software,724,,1666557165000,true
8,story,Sharable,890,,1676602232000,true
9,story,parallelism,979,,1651009938000,false
10,story,Automated,578,,1647705888000,false
11,story,fault-tolerant,716,,1675759379000,false
12,story,solution-oriented,942,,1663168738000,true
13,story,moratorium,747,,1656590506000,true
14,story,transitional,455,,1655679940000,true
15,story,monitoring,62,,1656987308000,true
16,story,Re-contextualized,646,,1660822460000,false
17,story,uniform,171,,1660780501000,true
18,story,instruction set,761,,1665582895000,true
19,story,24 hour,64,,1652025513000,true
20,story,knowledge user,546,,1668169775000,true
21,story,budgetary management,995,,1663788295000,true
22,story,Face to face,42,,1664534513000,true
23,story,customer loyalty,951,,1671510443000,false
24,story,user-facing,360,,1646361637000,true
25,story,impactful,79,,1651701533000,false
26,story,model,499,,1650247600000,true
27,story,Team-oriented,54,,1659734122000,true
28,story,moderator,898,,1657950060000,false
29,story,model,204,,1659833130000,false
30,story,Business-focused,990,,1646628068000,false
31,story,web-enabled,752,,1674927960000,false
32,story,heuristic,331,,1667743048000,false
33,story,high-level,751,,1668475172000,true
34,story,bandwidth-monitored,121,,1663122009000,true
35,story,Horizontal,885,,1652160656000,false
36,story,open architecture,938,,1648733823000,true
37,story,Diverse,669,,1668514084000,true
38,story,transitional,212,,1654470929000,false
39,story,disintermediate,892,,1676333259000,true
40,story,Implemented,243,,1657273920000,true
41,story,Sharable,394,,1658018059000,false
42,story,concept,454,,1667101649000,false
43,story,grid-enabled,924,,1662710644000,false
44,story,actuating,915,,1649756049000,false
45,story,implementation,297,,1669185744000,true
46,story,didactic,798,,1668438594000,false
47,story,next generation,859,,1666649067000,true
48,story,radical,482,,1655640375000,true
49,story,interface,731,,1658658134000,false
50,story,systemic,28,,1649304310000,true
51,story,model,475,,1646494943000,false
52,story,motivating,11,,1648146805000,true
53,story,Right-sized,847,,1658277653000,true
54,story,Integrated,404,,1670466089000,true
55,story,analyzing,581,,1649019303000,false
56,story,radical,354,,1667861078000,false
57,story,project,210,,1660854829000,false
58,story,portal,513,,1662832934000,false
59,story,impactful,449,,1662437725000,true
60,story,Universal,692,,1650924579000,false
61,story,benchmark,148,,1654261382000,true
62,story,installation,385,,1647667314000,true
63,story,array,225,,1672487095000,false
64,story,matrix,993,,1658605011000,true
65,story,Extended,891,,1676494512000,false
66,story,4th generation,411,,1662704331000,false
67,story,maximized,225,,1668021748000,true
68,story,framework,854,,1656529281000,false
69,story,intranet,667,,1670547119000,false
70,story,project,611,,1665572847000,false
71,story,3rd generation,585,,1673285076000,true
72,story,secondary,329,,1667348043000,false
73,story,mobile,271,,1663644606000,true
74,story,Assimilated,321,,1657051366000,true
75,story,Open-source,77,,1662198452000,false
76,story,monitoring,692,,1670595836000,true
77,story,project,411,,1670161514000,true
78,story,multimedia,697,,1660948863000,false
79,story,matrices,301,,1659222556000,true
80,story,optimizing,216,,1653811132000,true
81,story,empowering,231,,1650908502000,false
82,story,toolset,685,,1667127507000,true
83,story,scalable,11,,1662875911000,false
84,story,frame,954,,1655515183000,false
85,story,Devolved,155,,1667617492000,true
86,story,hardware,70,,1649944362000,false
87,story,hardware,930,,1647486994000,true
88,story,policy,245,,1647593040000,true
89,story,hierarchy,795,,1658003425000,false
90,story,Re-contextualized,262,,1661410195000,true
91,story,De-engineered,845,,1652641157000,false
92,story,array,344,,1669851754000,false
93,story,Inverse,212,,1672170050000,true
94,story,methodology,799,,1660285720000,true
95,story,encompassing,471,,1676714582000,false
96,story,Devolved,614,,1650263453000,false
97,story,groupware,401,,1652765280000,false
98,story,encryption,485,,1655536912000,true
99,story,matrices,595,,1656221377000,true
100,story,fault-tolerant,643,,1669683255000,true
101,story,background,978,,1676468469000,true
102,story,interactive,545,,1647500228000,false
103,story,stable,793,,1646384397000,true
104,story,knowledge base,288,,1670354487000,false
105,story,methodical,371,,1650588564000,true
106,story,protocol,696,,1651821820000,false
107,story,Ergonomic,130,,1651439084000,false
108,story,migration,909,,1668252718000,true
109,story,throughput,949,,1670792692000,false
110,story,attitude-oriented,851,,1652420878000,false
111,story,orchestration,912,,1667390445000,false
112,story,conglomeration,716,,1665161656000,false
113,story,firmware,389,,1647379053000,true
114,story,productivity,630,,1668643345000,false
115,story,orchestration,979,,1649905105000,false
116,story,motivating,386,,1658101503000,false
117,story,bifurcated,202,,1677045668000,true
118,story,strategy,195,,1659726080000,true
119,story,multi-state,441,,1649787620000,true
120,story,Intuitive,514,,1670008641000,false
121,story,Self-enabling,517,,1646134493000,true
122,story,Implemented,649,,1670188291000,true
123,story,Face to face,161,,1669394191000,false
124,story,local area network,620,,1651503497000,true
125,story,Team-oriented,695,,1646115998000,false
126,story,object-oriented,137,,1659099149000,false
127,story,migration,927,,1648583426000,false
128,story,standardization,345,,1656671673000,true
129,story,Devolved,927,,1650729188000,false
130,story,intranet,314,,1659110318000,false
131,story,Open-source,893,,1655685709000,true
132,story,Switchable,285,,1649560284000,true
133,story,needs-based,704,,1654060086000,true
134,story,Realigned,521,,1673530779000,false
135,story,full-range,898,,1667028861000,true
136,story,Programmable,714,,1652290981000,false
137,story,responsive,374,,1651514981000,true
138,story,bottom-line,434,,1675636257000,true
139,story,multi-state,558,,1675835032000,false
140,story,Re-engineered,118,,1653330727000,true
141,story,Profound,887,,1677698408000,true
142,story,system engine,453,,1665171926000,false
143,story,Public-key,759,,1647917509000,false
144,story,Total,659,,1655201091000,true
145,story,solution-oriented,695,,1658204549000,true
146,story,bandwidth-monitored,976,,1663485598000,true
147,story,composite,730,,1672673633000,true
148,story,Ergonomic,177,,1649523842000,false
149,story,coherent,988,,1656749906000,true
150,story,Open-architected,114,,1662552733000,true
151,story,customer loyalty,372,,1654057886000,true
152,story,open system,225,,1671951319000,false
153,story,productivity,519,,1647159613000,true
154,story,Synergistic,263,,1665214283000,true
155,story,Decentralized,144,,1648330249000,true
156,story,Total,752,,1654520352000,true
157,story,Profit-focused,605,,1663526781000,true
158,story,bottom-line,943,,1659413533000,true
159,story,Face to face,746,,1657435491000,false
160,story,Organic,523,,1661607076000,true
161,story,installation,746,,1675844599000,true
162,story,contingency,512,,1657589958000,false
163,story,synergy,227,,1675337324000,false
164,story,monitoring,660,,1657386234000,false
165,story,actuating,222,,1666964551000,false
166,story,open architecture,40,,1660737267000,true
167,story,directional,990,,1646771561000,false
168,story,Exclusive,886,,1652370380000,true
169,story,explicit,511,,1668807514000,true
170,story,needs-based,789,,1655942529000,false
171,story,Synergistic,357,,1654535554000,true
172,story,grid-enabled,966,,1670847799000,false
173,story,5th generation,253,,1665338892000,false
174,story,actuating,924,,1667427637000,true
175,story,hierarchy,543,,1649291418000,false
176,story,motivating,894,,1665603125000,true
177,story,Face to face,15,,1657714073000,false
178,story,stable,724,,1657045817000,false
179,story,framework,561,,1661615638000,true
180,story,customer loyalty,399,,1657599629000,true
181,story,website,753,,1663351475000,true
182,story,bifurcated,464,,1665058210000,true
183,story,optimizing,203,,1650948941000,false
184,story,capability,844,,1660392994000,false
185,story,Down-sized,278,,1668024767000,false
186,story,Enhanced,19,,1677448310000,false
187,story,reciprocal,668,,1655866935000,false
188,story,3rd generation,621,,1676190553000,false
189,story,middleware,289,,1662065070000,false
190,story,Networked,743,,1676453823000,false
191,story,Cross-platform,186,,1672580304000,true
192,story,analyzing,99,,1668204259000,false
193,story,Decentralized,335,,1671707178000,false
194,story,concept,604,,1650282000000,false
195,story,tangible,775,,1647644900000,false
196,story,complexity,213,,1657710860000,true
197,story,Inverse,16,,1663845900000,true
198,story,Open-architected,321,,1668199763000,true
199,story,motivating,48,,1654013040000,true
200,story,regional,406,,1675994156000,false
201,story,Polarised,507,,1649109497000,true
202,story,Polarised,706,,1657893076000,false
203,story,Future-proofed,500,,1653039447000,false
204,story,Implemented,14,,1668234099000,true
205,story,Robust,651,,1654790909000,true
206,story,Compatible,425,,1660556491000,false
207,story,contingency,522,,1667907631000,true
208,story,Persistent,35,,1651318561000,false
209,story,non-volatile,764,,1654307856000,false
210,story,object-oriented,587,,1666814182000,false
211,story,content-based,361,,1647522932000,false
212,story,secondary,923,,1671831836000,true
213,story,transitional,83,,1677603306000,false
214,story,implementation,369,,1665382757000,false
215,story,3rd generation,78,,1670068043000,false
216,story,Object-based,142,,1653800473000,false
217,story,grid-enabled,918,,1667853004000,false
218,story,Upgradable,393,,1659235317000,false
219,story,global,280,,1646302848000,false
220,story,Object-based,351,,1660374551000,true
221,story,uniform,398,,1648709362000,false
222,story,Polarised,583,,1676988803000,true
223,story,Grass-roots,854,,1671006132000,true
224,story,encompassing,913,,1673094313000,false
225,story,upward-trending,990,,1670220851000,true
226,story,function,863,,1650844458000,false
227,story,service-desk,467,,1677423437000,false
228,story,demand-driven,522,,1674481124000,true
229,story,Visionary,58,,1665389735000,false
230,story,Quality-focused,807,,1652552889000,false
231,story,multi-tasking,121,,1675835041000,false
232,story,Phased,312,,1673379227000,false
233,story,responsive,145,,1663399182000,true
234,story,middleware,347,,1654373689000,false
235,story,composite,558,,1658148881000,true
236,story,analyzer,603,,1662014602000,true
237,story,Mandatory,964,,1662995449000,false
238,story,tertiary,620,,1665346634000,false
239,story,radical,792,,1648186629000,false
240,story,help-desk,662,,1659320400000,false
241,story,secondary,376,,1660651908000,false
242,story,algorithm,244,,1672612903000,true
243,story,success,631,,1666900824000,false
244,story,zero administration,27,,1652095665000,true
245,story,solution-oriented,603,,1649122516000,false
246,story,Multi-tiered,882,,1677279039000,true
247,story,mission-critical,838,,1661186526000,false
248,story,background,286,,1676280426000,false
249,story,methodical,923,,1675789283000,true
250,story,Cloned,302,,1660422756000,true
251,story,impactful,516,,1668543025000,true
252,story,workforce,876,,1651569215000,false
253,story,Progressive,800,,1648913683000,true
254,story,architecture,814,,1669226046000,true
255,story,logistical,144,,1677219973000,false
256,story,Programmable,996,,1675503692000,false
257,story,Profound,777,,1664193382000,true
258,story,Adaptive,190,,1655979190000,true
259,story,Distributed,160,,1673482974000,true
260,story,middleware,752,,1662342279000,false
261,story,Reduced,763,,1676750764000,false
262,story,non-volatile,680,,1672103259000,true
263,story,Diverse,830,,1677899147000,true
264,story,middleware,2,,1646191855000,false
265,story,Mandatory,628,,1666797678000,false
266,story,algorithm,360,,1665395572000,true
267,story,budgetary management,192,,1670547724000,true
268,story,next generation,236,,1657112609000,true
269,story,Programmable,855,,1656393087000,true
270,story,dynamic,640,,1677035810000,true
271,story,Vision-oriented,196,,1650670978000,true
272,story,Customizable,459,,1654445357000,false
273,story,alliance,788,,1651910158000,true
274,story,forecast,746,,1651360087000,false
275,story,client-driven,377,,1655140326000,true
276,story,customer loyalty,713,,1652266802000,false
277,story,Universal,13,,1647868568000,false
278,story,Triple-buffered,710,,1668052985000,false
279,story,Polarised,103,,1674246748000,false
280,story,User-friendly,885,,1650989510000,true
281,story,monitoring,543,,1665299057000,true
282,story,Customizable,653,,1660225268000,true
283,story,encoding,953,,1657515512000,true
284,story,Total,39,,1663311768000,false
285,story,heuristic,241,,1660694692000,false
286,story,local,727,,1654734077000,true
287,story,extranet,90,,1649693900000,false
288,story,orchestration,60,,1667418245000,true
289,story,full-range,905,,1657236897000,false
290,story,contextually-based,706,,1653898347000,true
291,story,bi-directional,298,,1667800313000,false
292,story,Multi-layered,892,,1667273327000,false
293,story,Cross-platform,656,,1666298442000,true
294,story,Sharable,351,,1666123015000,false
295,story,client-server,222,,1650718009000,true
296,story,Digitized,183,,1656982046000,true
297,story,circuit,485,,1661222244000,true
298,story,groupware,617,,1665082610000,false
299,story,infrastructure,746,,1647494626000,true
300,story,Streamlined,493,,1669483048000,true
301,story,Progressive,762,,1667933954000,false
302,story,functionalities,867,,1672638483000,true
303,story,heuristic,37,,1657072765000,true
304,story,systemic,729,,1659135696000,false
305,story,structure,813,,1676032250000,false
306,story,Visionary,992,,1646912991000,true
307,story,Exclusive,185,,1673818257000,false
308,story,bifurcated,1000,,1648766753000,false
309,story,Stand-alone,113,,1672343204000,false
310,story,multi-state,733,,1654917296000,false
311,story,frame,897,,1673231041000,true
312,story,Seamless,242,,1667432784000,true
313,story,composite,198,,1675084292000,false
314,story,composite,645,,1652493642000,false
315,story,policy,792,,1651377032000,false
316,story,methodology,18,,1670923009000,false
317,story,content-based,638,,1659801937000,true
318,story,circuit,530,,1648768845000,false
319,story,attitude-oriented,307,,1659922087000,false
320,story,actuating,53,,1667865474000,false
321,story,function,957,,1662750551000,false
322,story,stable,921,,1672467314000,false
323,story,Synergized,695,,1662906830000,false
324,story,client-driven,611,,1669985161000,false
325,story,reciprocal,82,,1664030344000,true
326,story,directional,318,,1663616860000,true
327,story,national,392,,1649921113000,false
328,story,directional,882,,1658069659000,false
329,story,object-oriented,925,,1667735355000,false
330,story,leverage,328,,1672934353000,false
331,story,challenge,277,,1656966777000,false
332,story,contextually-based,324,,1658756506000,true
333,story,intermediate,264,,1655458396000,false
334,story,success,301,,1646167668000,false
335,story,Fully-configurable,837,,1653108849000,false
336,story,Intuitive,212,,1660388110000,true
337,story,holistic,320,,1649317081000,true
338,story,Graphic Interface,457,,1658449159000,false
339,story,Triple-buffered,379,,1646762135000,false
340,story,collaboration,447,,1666101018000,false
341,story,national,608,,1661057316000,false
342,story,optimal,204,,1653014573000,true
343,story,scalable,512,,1668799808000,true
344,story,next generation,382,,1670038100000,true
345,story,Integrated,377,,1677480815000,true
346,story,hierarchy,778,,1662803668000,false
347,story,Enhanced,633,,1665515567000,true
348,story,Assimilated,747,,1648259455000,true
349,story,Virtual,43,,1664047546000,false
350,story,Virtual,440,,1665334158000,true
351,story,6th generation,326,,1655583548000,false
352,story,customer loyalty,484,,1647411640000,false
353,story,methodology,311,,1660682432000,false
354,story,Programmable,347,,1656783568000,false
355,story,bi-directional,945,,1654480586000,true
356,story,Right-sized,143,,1646682548000,true
357,story,implementation,743,,1656610854000,false
358,story,5th generation,314,,1648534441000,true
359,story,6th generation,408,,1654765027000,true
360,story,Business-focused,533,,1662289547000,false
361,story,installation,658,,1670397085000,false
362,story,client-server,217,,1651855345000,true
363,story,middleware,673,,1670880416000,true
364,story,open system,470,,1670386393000,true
365,story,moderator,697,,1669135305000,true
366,story,Polarised,201,,1646632407000,true
367,story,architecture,592,,1665763156000,false
368,story,web-enabled,281,,1652407890000,true
369,story,open system,476,,1660777581000,false
370,story,Adaptive,509,,1674791329000,true
371,story,framework,179,,1655374358000,true
372,story,local,128,,1664199732000,false
373,story,neural-net,718,,1658624488000,false
374,story,Profit-focused,683,,1664958257000,true
375,story,forecast,826,,1658501081000,false
376,story,Stand-alone,26,,1656757518000,false
377,story,Extended,662,,1672442852000,false
378,story,policy,749,,1659294376000,false
379,story,capacity,399,,1672390035000,false
380,story,homogeneous,99,,1655651608000,true
381,story,upward-trending,583,,1660909559000,false
382,story,emulation,598,,1651679482000,false
383,story,system engine,728,,1646403750000,false
384,story,migration,257,,1659913734000,false
385,story,Decentralized,903,,1646729172000,true
386,story,Realigned,244,,1663745979000,false
387,story,Proactive,685,,1651485970000,false
388,story,neural-net,306,,1673701532000,false
389,story,disintermediate,945,,1665288208000,true
390,story,transitional,824,,1653914022000,false
391,story,installation,512,,1650039878000,false
392,story,Decentralized,834,,1662771962000,true
393,story,Function-based,155,,1662765283000,true
394,story,local,210,,1656077352000,true
395,story,interface,293,,1653510983000,false
396,story,Customizable,395,,1648742344000,true
397,story,Self-enabling,298,,1675014888000,false
398,story,Versatile,661,,1663915348000,false
399,story,adapter,673,,1666695938000,true
400,story,systematic,312,,1668029118000,false
401,story,De-engineered,512,,1677915113000,true
402,story,multi-state,505,,1672134075000,true
403,story,toolset,851,,1665029500000,true
404,story,product,361,,1676113629000,true
405,story,Exclusive,933,,1653993235000,true
406,story,matrix,224,,1649830880000,false
407,story,needs-based,905,,1676786325000,true
408,story,hardware,223,,1647358688000,true
409,story,parallelism,498,,1659098700000,false
410,story,global,376,,1651849453000,false
411,story,bandwidth-monitored,230,,1675432982000,false
412,story,client-server,922,,1659260858000,false
413,story,hybrid,994,,1654674006000,true
414,story,knowledge base,409,,1658451887000,true
415,story,model,999,,1659242474000,false
416,story,projection,340,,1654863461000,true
417,story,Universal,565,,1663746721000,true
418,story,solution-oriented,117,,1659027956000,true
419,story,Self-enabling,701,,1652680355000,true
420,story,migration,80,,1656254613000,false
421,story,Robust,966,,1673194857000,false
422,story,contingency,610,,1672578198000,true
423,story,ability,841,,1651551063000,true
424,story,eco-centric,16,,1674309154000,false
425,story,website,968,,1657245539000,true
426,story,explicit,389,,1674083625000,false
427,story,Cloned,840,,1664173071000,true
428,story,system-worthy,701,,1656913703000,true
429,story,Polarised,540,,1662182570000,true
430,story,Robust,966,,1675081521000,false
431,story,Inverse,266,,1654426729000,false
432,story,Self-enabling,38,,1653275129000,true
433,story,migration,8,,1664527049000,true
434,story,function,307,,1654595575000,false
435,story,productivity,447,,1647825868000,true
436,story,logistical,643,,1653251026000,false
437,story,Horizontal,197,,1650950244000,true
438,story,upward-trending,226,,1656765695000,true
439,story,maximized,770,,1647616715000,false
440,story,Compatible,544,,1674116786000,true
441,story,didactic,898,,1666428699000,false
442,story,instruction set,954,,1656483162000,false
443,story,budgetary management,860,,1646326538000,false
444,story,systemic,609,,1665809552000,true
445,story,maximized,615,,1666723936000,true
446,story,capacity,823,,1664340033000,true
447,story,cohesive,398,,1677268795000,true
448,story,Proactive,234,,1675462310000,true
449,story,service-desk,164,,1660126838000,false
450,story,methodical,450,,1658203355000,true
451,story,context-sensitive,879,,1653927893000,false
452,story,knowledge user,32,,1655711973000,false
453,story,Cloned,140,,1648958407000,true
454,story,Front-line,441,,1662677053000,false
455,story,application,708,,1656833523000,true
456,story,core,613,,1659103177000,true
457,story,Integrated,738,,1652717388000,true
458,story,groupware,619,,1667475352000,false
459,story,upward-trending,453,,1654207143000,true
460,story,Business-focused,565,,1661144381000,true
461,story,challenge,294,,1672887218000,true
462,story,4th generation,178,,1677417474000,false
463,story,complexity,752,,1649595774000,false
464,story,data-warehouse,756,,1657635062000,true
465,story,maximized,526,,1653947472000,true
466,story,product,111,,1661606673000,true
467,story,6th generation,401,,1672539016000,true
468,story,artificial intelligence,377,,1650571085000,false
469,story,human-resource,284,,1664520195000,true
470,story,impactful,917,,1672561955000,false
471,story,upward-trending,904,,1660474311000,false
472,story,Organic,750,,1663277155000,true
473,story,Focused,539,,1677150404000,false
474,story,foreground,32,,1648787363000,true
475,story,Inverse,993,,1657137422000,true
476,story,project,164,,1654985520000,false
477,story,moderator,108,,1666730280000,true
478,story,radical,79,,1659273523000,false
479,story,Expanded,433,,1660853466000,false
480,story,moderator,103,,1672737194000,false
481,story,Optional,722,,1648744837000,true
482,story,uniform,528,,1670169422000,false
483,story,Diverse,671,,1653339846000,false
484,story,Vision-oriented,695,,1663999723000,false
485,story,data-warehouse,704,,1664244305000,false
486,story,Distributed,168,,1665806308000,false
487,story,maximized,928,,1668393404000,false
488,story,adapter,432,,1664089451000,false
489,story,analyzer,635,,1657947289000,true
490,story,data-warehouse,200,,1668676164000,true
491,story,heuristic,512,,1677255875000,true
492,story,Future-proofed,151,,1673303772000,false
493,story,concept,72,,1660086122000,false
494,story,Face to face,364,,1676108596000,false
495,story,challenge,458,,1657432277000,true
496,story,Horizontal,823,,1664097257000,true
497,story,Customer-focused,949,,1663627079000,false
498,story,attitude,872,,1673972721000,false
499,story,24 hour,298,,1652484373000,false
500,story,neural-net,206,,1659342433000,true
501,story,bottom-line,883,,1659210320000,true
502,story,instruction set,173,,1667314817000,false
503,story,Configurable,406,,1657697234000,true
504,story,success,709,,1675156374000,false
505,story,challenge,896,,1676722882000,false
506,story,3rd generation,26,,1653055654000,true
507,story,scalable,597,,1650001043000,false
508,story,optimizing,982,,1655980046000,true
509,story,Synergistic,991,,1670223021000,true
510,story,intranet,345,,1666930998000,true
511,story,groupware,125,,1660552892000,true
512,story,concept,948,,1653437999000,true
513,story,systematic,95,,1672784728000,false
514,story,toolset,621,,1671328078000,true
515,story,Ergonomic,160,,1672760198000,true
516,story,implementation,339,,1655719483000,true
517,story,upward-trending,252,,1647503367000,false
518,story,web-enabled,363,,1667664357000,true
519,story,alliance,753,,1666009140000,true
520,story,solution-oriented,690,,1651366398000,true
521,story,extranet,769,,1656499484000,true
522,story,static,691,,1665774102000,true
523,story,Object-based,683,,1671966867000,true
524,story,De-engineered,546,,1672818406000,false
525,story,Right-sized,46,,1656006403000,true
526,story,capability,781,,1656232823000,false
527,story,algorithm,484,,1668854284000,true
528,story,User-friendly,167,,1677244134000,true
529,story,Managed,23,,1672423632000,true
530,story,synergy,492,,1671729078000,false
531,story,Right-sized,24,,1676362146000,false
532,story,alliance,45,,1667080366000,true
533,story,function,719,,1668154982000,false
534,story,Proactive,730,,1665137692000,false
535,story,secured line,795,,1653627271000,false
536,story,conglomeration,356,,1658372021000,false
537,story,impactful,532,,1655778826000,true
538,story,Function-based,26,,1676458812000,true
539,story,circuit,712,,1671806115000,false
540,story,Enterprise-wide,513,,1647579099000,true
541,story,tertiary,915,,1647609525000,true
542,story,exuding,918,,1660901290000,true
543,story,superstructure,529,,1668604946000,false
544,story,initiative,655,,1652201193000,false
545,story,support,265,,1664025792000,false
546,story,Operative,868,,1664188902000,false
547,story,systematic,655,,1670458518000,false
548,story,grid-enabled,824,,1666105916000,false
549,story,Programmable,115,,1662603888000,true
550,story,Advanced,160,,1646988909000,false
551,story,Intuitive,304,,1677524868000,true
552,story,methodology,782,,1652192050000,true
553,story,Business-focused,70,,1652933910000,false
554,story,needs-based,18,,1673700139000,true
555,story,multimedia,523,,1653477182000,true
556,story,middleware,939,,1671341436000,true
557,story,alliance,679,,1662045194000,true
558,story,Universal,979,,1667115766000,false
559,story,challenge,71,,1652325849000,false
560,story,real-time,285,,1647977400000,false
561,story,Multi-tiered,275,,1658280728000,false
562,story,instruction set,599,,1673975131000,false
563,story,approach,413,,1656841308000,true
564,story,maximized,773,,1669671060000,true
565,story,support,824,,1667805370000,true
566,story,Robust,297,,1673349146000,true
567,story,Mandatory,322,,1649166242000,false
568,story,Function-based,588,,1656679714000,true
569,story,mobile,588,,1651556387000,false
570,story,Right-sized,736,,1676510060000,false
571,story,leverage,652,,1659550250000,false
572,story,function,501,,1657451646000,false
573,story,exuding,820,,1654474306000,false
574,story,interactive,943,,1656466839000,true
575,story,Profound,60,,1665295257000,true
576,story,hybrid,479,,1674843586000,true
577,story,Configurable,291,,1676437353000,false
578,story,De-engineered,667,,1656164116000,false
579,story,leverage,679,,1661161530000,true
580,story,intermediate,422,,1656306899000,true
581,story,process improvement,752,,1666074814000,false
582,story,Front-line,517,,1655251241000,false
583,story,Total,599,,1659185846000,true
584,story,success,942,,1647214898000,true
585,story,help-desk,835,,1670024783000,true
586,story,process improvement,800,,1653130420000,false
587,story,contextually-based,151,,1659254509000,true
588,story,challenge,213,,1656077128000,true
589,story,composite,251,,1656782954000,false
590,story,Up-sized,97,,1647318854000,false
591,story,leading edge,861,,1656197740000,true
592,story,functionalities,620,,1658600939000,true
593,story,knowledge base,305,,1676431857000,false
594,story,non-volatile,798,,1648822070000,true
595,story,Configurable,635,,1673168321000,true
596,story,encryption,338,,1663015221000,false
597,story,standardization,461,,1671343287000,false
598,story,multimedia,473,,1651066120000,false
599,story,Expanded,924,,1661623625000,false
600,story,global,366,,1653582084000,false
601,story,motivating,159,,1663926212000,true
602,story,next generation,132,,1658775746000,false
603,story,attitude,884,,1671803804000,false
604,story,Versatile,321,,1660554670000,false
605,story,value-added,792,,1651089998000,false
606,story,foreground,371,,1659729018000,false
607,story,Inverse,420,,1666345715000,true
608,story,radical,771,,1673185199000,false
609,story,Programmable,813,,1648575508000,true
610,story,complexity,1000,,1672741286000,false
611,story,Re-engineered,509,,1657927351000,false
612,story,static,468,,1675907300000,true
613,story,heuristic,273,,1677216194000,false
614,story,functionalities,241,,1657361183000,true
615,story,zero defect,798,,1664628520000,true
616,story,exuding,536,,1661643172000,false
617,story,software,907,,1658947394000,true
618,story,Expanded,806,,1676099325000,false
619,story,Multi-lateral,225,,1666988107000,true
620,story,Adaptive,818,,1649746468000,true
621,story,non-volatile,224,,1667290777000,false
622,story,Virtual,322,,1655740992000,false
623,story,static,156,,1646208459000,true
624,story,uniform,764,,1655931911000,false
625,story,De-engineered,871,,1672462882000,false
626,story,Triple-buffered,511,,1677932582000,false
627,story,local,306,,1653376435000,true
628,story,open architecture,228,,1651858970000,false
629,story,function,369,,1676836240000,false
630,story,standardization,373,,1666906595000,true
631,story,asymmetric,215,,1656178118000,true
632,story,protocol,738,,1670711810000,true
633,story,interactive,520,,1658731772000,true
634,story,4th generation,701,,1649549550000,true
635,story,asymmetric,273,,1677878760000,false
636,story,time-frame,539,,1675472769000,false
637,story,contingency,426,,1666181595000,false
638,story,impactful,308,,1646536230000,false
639,story,solution-oriented,793,,1663884926000,true
640,story,De-engineered,917,,1673455211000,false
641,story,Horizontal,448,,1675945188000,false
642,story,exuding,299,,1666735862000,true
643,story,knowledge user,315,,1660999124000,false
644,story,foreground,228,,1650485740000,false
645,story,archive,518,,1655820520000,false
646,story,access,531,,1675881336000,true
647,story,pricing structure,722,,1664903681000,false
648,story,Organic,401,,1670732670000,true
649,story,24/7,433,,1648995061000,true
650,story,Open-source,648,,1672323735000,false
651,story,service-desk,184,,1674698334000,false
652,story,matrices,115,,1672158197000,false
653,story,contingency,321,,1646565987000,true
654,story,attitude-oriented,272,,1652378921000,true
655,story,real-time,183,,1674144486000,true
656,story,Front-line,441,,1653687909000,true
657,story,6th generation,468,,1654074641000,false
658,story,middleware,881,,1660063910000,true
659,story,zero administration,707,,1660865207000,true
660,story,neutral,817,,1653080219000,false
661,story,transitional,761,,1658223855000,true
662,story,flexibility,206,,1675107119000,false
663,story,web-enabled,892,,1652434935000,true
664,story,regional,283,,1668477415000,false
665,story,background,564,,1648206130000,false
666,story,web-enabled,732,,1661458226000,true
667,story,contextually-based,495,,1657361928000,false
668,story,Integrated,19,,1674228334000,true
669,story,Reactive,767,,1675682084000,false
670,story,Implemented,114,,1658149575000,true
671,story,orchestration,515,,1661847844000,false
672,story,workforce,767,,1676713140000,false
673,story,scalable,953,,1675299893000,true
674,story,object-oriented,359,,1647454853000,false
675,story,Optional,853,,1662781376000,true
676,story,bottom-line,854,,1668832571000,true
677,story,real-time,771,,1659049188000,false
678,story,impactful,687,,1671202058000,true
679,story,scalable,753,,1651038098000,false
680,story,encoding,613,,1675910217000,false
681,story,Multi-layered,954,,1676959720000,false
682,story,array,354,,1655347849000,true
683,story,intangible,694,,1677615749000,false
684,story,conglomeration,333,,1652094536000,true
685,story,maximized,677,,1654073654000,true
686,story,bandwidth-monitored,841,,1655321893000,true
687,story,impactful,215,,1663473630000,false
688,story,archive,14,,1673122153000,false
689,story,object-oriented,288,,1657720873000,true
690,story,explicit,89,,1657587561000,false
691,story,Integrated,201,,1653837118000,false
692,story,Re-engineered,981,,1673405025000,false
693,story,Exclusive,573,,1675339096000,false
694,story,regional,201,,1658352447000,true
695,story,success,114,,1651707739000,true
696,story,neural-net,799,,1667556816000,true
697,story,Visionary,643,,1672634793000,true
698,story,projection,126,,1677912135000,true
699,story,local,709,,1666920095000,false
700,story,multi-state,607,,1669281182000,true
701,story,help-desk,693,,1661778126000,true
702,story,moderator,903,,1673469390000,true
703,story,portal,387,,1648278975000,false
704,story,neural-net,128,,1651337987000,true
705,story,Cross-platform,143,,1652465740000,false
706,story,parallelism,924,,1669955432000,true
707,story,migration,125,,1657121290000,true
708,story,zero tolerance,814,,1650057814000,true
709,story,web-enabled,291,,1673337866000,false
710,story,intranet,590,,1666343760000,false
711,story,Reverse-engineered,642,,1654819897000,true
712,story,Profound,31,,1647025237000,true
713,story,service-desk,389,,1675828689000,true
714,story,Proactive,245,,1675629662000,false
715,story,attitude,710,,1676525287000,true
716,story,context-sensitive,314,,1672290633000,false
717,story,reciprocal,132,,1655336088000,true
718,story,impactful,629,,1657226429000,false
719,story,tertiary,722,,1658173486000,false
720,story,Inverse,147,,1664164352000,false
721,story,Realigned,459,,1658671479000,true
722,story,cohesive,245,,1675699986000,false
723,story,knowledge user,633,,1652924968000,true
724,story,needs-based,130,,1669300044000,false
725,story,De-engineered,311,,1659011007000,false
726,story,matrices,299,,1670505077000,false
727,story,web-enabled,516,,1646294552000,true
728,story,Vision-oriented,828,,1674542333000,false
729,story,circuit,27,,1675325572000,false
730,story,Seamless,255,,1650798294000,true
731,story,conglomeration,921,,1656054147000,true
732,story,monitoring,55,,1659860823000,true
733,story,Quality-focused,800,,1650898130000,true
734,story,Versatile,108,,1654569498000,false
735,story,holistic,812,,1668347288000,true
736,story,budgetary management,662,,1651740251000,false
737,story,Automated,85,,1674295344000,true
738,story,Inverse,676,,1664092830000,false
739,story,Optional,794,,1672087639000,false
740,story,capacity,37,,1663058230000,true
741,story,Business-focused,354,,1669332772000,true
742,story,attitude,309,,1677179474000,true
743,story,mobile,465,,1654677339000,false
744,story,Operative,271,,1650848201000,false
745,story,instruction set,210,,1648423885000,true
746,story,monitoring,216,,1648949159000,false
747,story,next generation,843,,1647016404000,false
748,story,Cloned,979,,1664583676000,true
749,story,3rd generation,841,,1669632314000,true
750,story,homogeneous,121,,1672732771000,false
751,story,architecture,571,,1660659670000,false
752,story,knowledge user,607,,1671528392000,false
753,story,Enhanced,191,,1667613446000,false
754,story,Switchable,996,,1661328763000,false
755,story,Open-architected,576,,1667932001000,true
756,story,website,883,,1673450457000,true
757,story,Triple-buffered,729,,1677031193000,true
758,story,Graphical User Interface,517,,1651271691000,false
759,story,installation,310,,1677105552000,false
760,story,framework,380,,1648650985000,true
761,story,internet solution,667,,1650160307000,false
762,story,intranet,316,,1671335895000,true
763,story,bi-directional,316,,1650879213000,true
764,story,holistic,330,,1664746467000,false
765,story,Implemented,116,,1671330034000,false
766,story,stable,528,,1652028865000,false
767,story,Object-based,794,,1674959096000,false
768,story,software,504,,1656334460000,false
769,story,Operative,533,,1655856378000,true
770,story,bi-directional,224,,1651224186000,false
771,story,secondary,199,,1661334722000,false
772,story,attitude-oriented,801,,1655677679000,false
773,story,model,993,,1663694455000,true
774,story,hardware,117,,1666934387000,false
775,story,concept,39,,1652758274000,true
776,story,throughput,454,,1658512385000,false
777,story,Sharable,123,,1656808961000,false
778,story,multi-tasking,976,,1676262102000,true
779,story,software,680,,1659050798000,true
780,story,mobile,145,,1668610277000,false
781,story,bottom-line,534,,1655866902000,true
782,story,Advanced,53,,1667940181000,true
783,story,pricing structure,174,,1648745213000,false
784,story,array,253,,1671016577000,true
785,story,Optimized,984,,1649839453000,false
786,story,tangible,959,,1647385806000,false
787,story,secondary,278,,1676250658000,false
788,story,systematic,575,,1675429692000,true
789,story,leverage,745,,1655799226000,true
790,story,homogeneous,141,,1652776730000,false
791,story,grid-enabled,233,,1667581283000,true
792,story,Front-line,466,,1675311068000,true
793,story,Compatible,253,,1670587278000,true
794,story,dedicated,550,,1646251117000,false
795,story,mobile,352,,1668801427000,false
796,story,open architecture,453,,1654889522000,true
797,story,adapter,250,,1662063145000,true
798,story,fresh-thinking,166,,1656174414000,true
799,story,conglomeration,789,,1673867578000,true
800,story,productivity,914,,1668298440000,true
801,story,emulation,85,,1651558502000,true
802,story,leading edge,873,,1674166812000,false
803,story,Reactive,268,,1651761585000,false
804,story,Integrated,68,,1647961657000,true
805,story,24 hour,802,,1675874865000,false
806,story,encompassing,559,,1658433417000,true
807,story,Profit-focused,446,,1651887989000,true
808,story,Reduced,789,,1648063027000,true
809,story,secured line,84,,1666321771000,false
810,story,matrices,473,,1650921076000,true
811,story,knowledge base,591,,1655619729000,true
812,story,capacity,572,,1652250286000,false
813,story,local area network,619,,1649752343000,false
814,story,productivity,150,,1660261964000,true
815,story,system-worthy,705,,1647313986000,true
816,story,paradigm,83,,1657118807000,false
817,story,Phased,712,,1660055461000,true
818,story,Re-contextualized,206,,1658379281000,true
819,story,executive,993,,1654404827000,false
820,story,model,954,,1671623761000,true
821,story,productivity,28,,1653565455000,true
822,story,Implemented,901,,1661581225000,true
823,story,definition,976,,1650960923000,true
824,story,intermediate,113,,1646738871000,false
825,story,zero tolerance,194,,1667933895000,true
826,story,Polarised,708,,1647785229000,false
827,story,hierarchy,830,,1668159882000,true
828,story,Polarised,600,,1665917249000,true
829,story,Cloned,134,,1671453022000,true
830,story,motivating,350,,1667010389000,true
831,story,composite,523,,1658932602000,false
832,story,Persistent,251,,1648952444000,true
833,story,dedicated,319,,1673373302000,false
834,story,multi-tasking,338,,1673914897000,true
835,story,radical,63,,1673887713000,false
836,story,help-desk,558,,1664649637000,true
837,story,functionalities,405,,1673653444000,true
838,story,solution,122,,1648852218000,false
839,story,demand-driven,84,,1646685777000,false
840,story,user-facing,111,,1674118395000,true
841,story,Compatible,292,,1668869690000,false
842,story,leverage,443,,1647759769000,false
843,story,hardware,178,,1676527687000,false
844,story,modular,326,,1662622003000,true
845,story,help-desk,959,,1662438675000,false
846,story,Decentralized,10,,1677619078000,true
847,story,neutral,510,,1675634496000,false
848,story,Mandatory,364,,1667689089000,true
849,story,web-enabled,467,,1653403583000,true
850,story,fault-tolerant,869,,1647645364000,true
851,story,Front-line,651,,1663558888000,false
852,story,asymmetric,332,,1663804919000,false
853,story,methodology,672,,1668930819000,false
854,story,content-based,166,,1661361547000,true
855,story,knowledge user,297,,1652057168000,false
856,story,synergy,214,,1647415119000,false
857,story,projection,839,,1648799632000,true
858,story,Progressive,831,,1660032355000,true
859,story,success,814,,1673316057000,true
860,story,structure,608,,1656454668000,true
861,story,functionalities,392,,1646390192000,false
862,story,value-added,392,,1667345656000,false
863,story,migration,234,,1667713665000,true
864,story,projection,265,,1677440340000,true
865,story,monitoring,10,,1655004244000,true
866,story,conglomeration,237,,1648624095000,false
867,story,forecast,253,,1675183880000,true
868,story,budgetary management,502,,1665086021000,false
869,story,leverage,386,,1658138458000,true
870,story,asymmetric,194,,1669125961000,false
871,story,didactic,495,,1662129639000,false
872,story,strategy,504,,1663798515000,false
873,story,Optional,938,,1662210730000,false
874,story,architecture,853,,1674096095000,false
875,story,customer loyalty,450,,1665608823000,true
876,story,pricing structure,117,,1676334571000,true
877,story,Re-contextualized,251,,1667259071000,true
878,story,Phased,226,,1648054523000,false
879,story,moderator,800,,1665581810000,true
880,story,Grass-roots,30,,1666919025000,true
881,story,global,157,,1673077874000,false
882,story,full-range,839,,1653956559000,true
883,story,project,438,,1672278844000,false
884,story,multimedia,332,,1669079881000,false
885,story,Streamlined,870,,1657318477000,true
886,story,Switchable,185,,1673682627000,true
887,story,Compatible,141,,1673624249000,true
888,story,workforce,646,,1662603125000,true
889,story,multimedia,280,,1646758014000,true
890,story,even-keeled,392,,1675543022000,false
891,story,interface,814,,1673317544000,false
892,story,customer loyalty,669,,1660187617000,false
893,story,5th generation,7,,1662475578000,true
894,story,database,135,,1660608940000,true
895,story,uniform,300,,1655032560000,false
896,story,Reactive,832,,1661623648000,true
897,story,Object-based,198,,1672123160000,false
898,story,De-engineered,853,,1671760389000,false
899,story,impactful,406,,1648800682000,false
900,story,Synergized,432,,1674946540000,false
901,story,product,812,,1663402516000,true
902,story,user-facing,174,,1654112307000,false
903,story,Ergonomic,739,,1674453189000,true
904,story,Upgradable,371,,1658240508000,true
905,story,function,30,,1666200901000,false
906,story,systemic,914,,1674986731000,true
907,story,bi-directional,932,,1652116507000,true
908,story,Innovative,431,,1660611963000,true
909,story,eco-centric,581,,1656407739000,false
910,story,object-oriented,67,,1657091998000,true
911,story,systemic,168,,1665719563000,true
912,story,Multi-layered,981,,1655204170000,true
913,story,Mandatory,184,,1656738063000,false
914,story,workforce,887,,1656063639000,true
915,story,multi-tasking,739,,1652927349000,false
916,story,actuating,672,,1668173619000,false
917,story,Object-based,823,,1668103588000,true
918,story,Total,414,,1676218713000,false
919,story,Focused,871,,1657577542000,false
920,story,human-resource,374,,1662877228000,false
921,story,Cross-group,887,,1649030011000,true
922,story,array,293,,1668073655000,false
923,story,Versatile,837,,1664025540000,true
924,story,implementation,808,,1677958726000,false
925,story,secondary,320,,1651115169000,true
926,story,functionalities,670,,1676494978000,true
927,story,Seamless,922,,1677923405000,true
928,story,secondary,807,,1658069260000,true
929,story,Persevering,706,,1655180395000,false
930,story,hierarchy,957,,1659643680000,true
931,story,Profit-focused,83,,1654143595000,false
932,story,Visionary,729,,1667790787000,true
933,story,impactful,807,,1658496347000,true
934,story,local area network,102,,1651288568000,false
935,story,Distributed,651,,1677636219000,true
936,story,intranet,997,,1669485629000,true
937,story,Virtual,605,,1655758762000,false
938,story,stable,290,,1658487564000,true
939,story,paradigm,91,,1648980832000,true
940,story,transitional,273,,1654636971000,true
941,story,website,366,,1666896054000,false
942,story,uniform,973,,1676671064000,true
943,story,neutral,717,,1651262024000,false
944,story,Adaptive,407,,1665178699000,true
945,story,logistical,739,,1665317925000,false
946,story,encoding,213,,1653068523000,true
947,story,methodical,759,,1675993877000,true
948,story,solution,336,,1673170034000,false
949,story,knowledge base,791,,1648330762000,false
950,story,Organic,132,,1674032842000,true
951,story,coherent,331,,1669273619000,false
952,story,directional,853,,1663697650000,false
953,story,dynamic,689,,1648962375000,false
954,story,Open-architected,563,,1666612448000,false
955,story,local area network,298,,1656747417000,false
956,story,definition,322,,1671892378000,false
957,story,product,453,,1663707444000,false
958,story,exuding,177,,1656034876000,false
959,story,access,113,,1654263239000,true
960,story,ability,693,,1657801594000,true
961,story,Progressive,476,,1652881228000,false
962,story,extranet,671,,1660696389000,false
963,story,instruction set,452,,1677108057000,false
964,story,discrete,663,,1662955752000,true
965,story,Self-enabling,802,,1655453697000,true
966,story,5th generation,978,,1660122327000,true
967,story,open architecture,562,,1651974006000,false
968,story,Organized,980,,1654003005000,true
969,story,Configurable,433,,1661145248000,false
970,story,human-resource,242,,1653134730000,false
971,story,bandwidth-monitored,507,,1673436884000,true
972,story,responsive,485,,1647876954000,true
973,story,asymmetric,697,,1658228125000,false
974,story,orchestration,433,,1676446149000,true
975,story,Streamlined,574,,1652529578000,true
976,story,Multi-lateral,342,,1672758913000,true
977,story,incremental,49,,1650677710000,true
978,story,Programmable,625,,1662519275000,false
979,story,open system,209,,1675905877000,true
980,story,alliance,484,,1662838092000,true
981,story,asymmetric,935,,1647491188000,false
982,story,bi-directional,213,,1664773665000,true
983,story,Front-line,800,,1667753284000,false
984,story,flexibility,241,,1651100883000,true
985,story,client-driven,419,,1670400485000,false
986,story,fault-tolerant,42,,1669687506000,true
987,story,contingency,263,,1677189041000,true
988,story,Reactive,51,,1676241092000,false
989,story,methodical,598,,1654591220000,true
990,story,software,806,,1656086379000,false
991,story,data-warehouse,892,,1653715471000,true
992,story,Reverse-engineered,316,,1667971306000,true
993,story,matrix,78,,1669933064000,false
994,story,conglomeration,927,,1651403670000,false
995,story,Right-sized,702,,1666137898000,false
996,story,internet solution,979,,1668972878000,false
997,story,Centralized,724,,1665006967000,true
998,story,artificial intelligence,203,,1655629354000,true
999,story,Cross-platform,392,,1661308872000,true
1000,story,Extended,811,,1661788987000,false
1001,message,5th generation,719,833,1653670382000,false
1002,message,access,795,861,1656618340000,false
1003,message,User-friendly,354,763,1660261883000,true
1004,message,artificial intelligence,652,21,1662044563000,false
1005,message,even-keeled,422,140,1651789534000,true
1006,message,hub,394,363,1677547123000,true
1007,message,Cross-group,477,519,1659727616000,false
1008,message,process improvement,403,736,1660921909000,false
1009,message,even-keeled,395,606,1673063918000,true
1010,message,Universal,488,938,1670876950000,false
1011,message,matrix,410,592,1648287327000,true
1012,message,disintermediate,899,283,1655174677000,false
1013,message,bottom-line,542,309,1647702732000,false
1014,message,orchestration,644,158,1648502417000,true
1015,message,Exclusive,458,543,1676875567000,true
1016,message,Extended,128,381,1671345151000,false
1017,message,dynamic,511,300,1658616376000,true
1018,message,Vision-oriented,211,839,1651834173000,false
1019,message,open system,305,712,1666406425000,false
1020,message,help-desk,509,739,1666077161000,true
1021,message,Cross-group,455,285,1664508559000,false
1022,message,fresh-thinking,926,276,1648659007000,false
1023,message,budgetary management,198,753,1653741479000,true
1024,message,parallelism,565,41,1673420620000,true
1025,message,strategy,495,999,1650164578000,true
1026,message,challenge,373,19,1661547660000,true
1027,message,explicit,741,365,1659525122000,false
1028,message,global,585,171,1647256979000,false
1029,message,bandwidth-monitored,420,330,1672154220000,false
1030,message,Configurable,531,965,1661528580000,true
1031,message,bandwidth-monitored,404,506,1673555386000,true
1032,message,encoding,976,770,1675095561000,true
1033,message,forecast,80,67,1646229244000,false
1034,message,Cloned,662,339,1671643718000,false
1035,message,local area network,777,495,1651500697000,false
1036,message,toolset,477,948,1664205890000,true
1037,message,value-added,216,180,1674885644000,false
1038,message,Cloned,794,633,1674672353000,false
1039,message,Distributed,368,68,1650138757000,true
1040,message,Managed,174,853,1666024577000,false
1041,message,Streamlined,339,184,1656057378000,false
1042,message,Team-oriented,519,321,1677061748000,true
1043,message,hybrid,143,469,1654361889000,false
1044,message,Profit-focused,57,107,1656904589000,true
1045,message,success,964,717,1659107152000,true
1046,message,process improvement,519,342,1654866320000,false
1047,message,system engine,402,934,1672259478000,false
1048,message,Pre-emptive,599,867,1654389439000,false
1049,message,stable,99,107,1658466937000,true
1050,message,Open-source,218,556,1674957066000,true
1051,message,superstructure,370,160,1661372025000,true
1052,message,client-driven,353,37,1650457997000,true
1053,message,Implemented,65,529,1658545421000,true
1054,message,holistic,260,349,1667149765000,false
1055,message,Inverse,694,674,1662509044000,true
1056,message,Organized,166,654,1656242636000,true
1057,message,Universal,520,839,1669925633000,true
1058,message,bandwidth-monitored,94,50,1675672326000,false
1059,message,client-driven,822,223,1671436776000,false
1060,message,task-force,120,168,1658622974000,false
1061,message,Open-source,517,761,1652195295000,false
1062,message,Progressive,971,410,1650954742000,true
1063,message,paradigm,175,500,1672203472000,true
1064,message,mobile,871,262,1650268299000,false
1065,message,moratorium,293,795,1650906456000,true
1066,message,definition,586,701,1664483054000,true
1067,message,budgetary management,961,257,1650981992000,false
1068,message,Focused,343,237,1666243725000,false
1069,message,flexibility,553,203,1647409937000,true
1070,message,time-frame,83,141,1669999227000,true
1071,message,Centralized,751,496,1670266994000,false
1072,message,moratorium,959,506,1660300827000,false
1073,message,client-driven,444,459,1648443092000,false
1074,message,holistic,605,925,1670169968000,false
1075,message,help-desk,306,213,1653851687000,true
1076,message,parallelism,299,328,1653293217000,false
1077,message,Pre-emptive,829,815,1673996860000,true
1078,message,hub,8,994,1673640007000,true
1079,message,Fully-configurable,263,303,1646412741000,true
1080,message,needs-based,595,876,1662370058000,true
1081,message,Open-source,106,955,1653838391000,true
1082,message,approach,544,822,1660533037000,true
1083,message,Focused,966,948,1671803602000,true
1084,message,leverage,458,687,1659867522000,true
1085,message,throughput,235,904,1666704603000,false
1086,message,concept,869,465,1649237749000,false
1087,message,Profound,15,813,1668851380000,false
1088,message,directional,381,20,1659126693000,true
1089,message,bi-directional,8,148,1655613278000,false
1090,message,local,618,51,1655734873000,true
1091,message,internet solution,755,434,1668834609000,false
1092,message,Centralized,381,800,1647478520000,true
1093,message,coherent,546,682,1673662947000,false
1094,message,Multi-lateral,589,384,1673942056000,false
1095,message,optimizing,233,266,1677413975000,false
1096,message,Realigned,193,716,1676424449000,true
1097,message,Synchronised,146,780,1660512298000,true
1098,message,concept,527,638,1666826532000,false
1099,message,conglomeration,393,718,1656480913000,true
1100,message,disintermediate,305,898,1657848447000,true
1101,message,Function-based,789,144,1654554284000,true
1102,message,protocol,170,35,1670429076000,false
1103,message,Expanded,894,813,1672192165000,true
1104,message,local area network,681,571,1647873862000,false
1105,message,Multi-layered,159,73,1653994666000,true
1106,message,conglomeration,660,533,1667717683000,false
1107,message,homogeneous,637,167,1672310057000,false
1108,message,open system,826,188,1654434339000,true
1109,message,interface,757,285,1666133754000,true
1110,message,Up-sized,280,296,1653984878000,false
1111,message,exuding,287,852,1663111699000,true
1112,message,Managed,936,907,1661908523000,true
1113,message,functionalities,783,444,1660611003000,false
1114,message,background,736,786,1666828230000,false
1115,message,matrices,212,497,1672369868000,true
1116,message,Future-proofed,685,966,1649736928000,true
1117,message,web-enabled,696,835,1652541710000,true
1118,message,capability,697,378,1671738598000,false
1119,message,Optional,786,740,1665944472000,true
1120,message,infrastructure,870,913,1660002744000,false
1121,message,Operative,458,936,1653906455000,true
1122,message,systematic,126,134,1658592079000,true
1123,message,emulation,121,711,1653498910000,true
1124,message,Profit-focused,376,885,1664796195000,true
1125,message,Focused,601,822,1654317075000,true
1126,message,capacity,387,778,1666413446000,false
1127,message,Cross-platform,343,681,1661230201000,true
1128,message,bifurcated,32,507,1669510083000,false
1129,message,initiative,234,783,1676987019000,true
1130,message,web-enabled,360,314,1656521058000,false
1131,message,Proactive,623,5,1665724583000,false
1132,message,focus group,642,557,1677788098000,true
1133,message,uniform,735,894,1651720377000,false
1134,message,Secured,98,438,1670675390000,false
1135,message,moratorium,815,865,1665869448000,false
1136,message,homogeneous,721,181,1675410649000,true
1137,message,initiative,819,970,1677157880000,false
1138,message,encryption,698,730,1650513470000,true
1139,message,Secured,851,170,1660853822000,true
1140,message,background,948,113,1661707341000,false
1141,message,reciprocal,967,737,1668395350000,false
1142,message,emulation,446,378,1650368450000,true
1143,message,Customizable,169,213,1677042371000,true
1144,message,matrix,273,890,1651342657000,true
1145,message,budgetary management,610,428,1655760426000,false
1146,message,functionalities,556,959,1648974732000,true
1147,message,Open-architected,52,408,1670328464000,true
1148,message,multi-state,18,510,1650249769000,false
1149,message,Organic,590,581,1649905475000,true
1150,message,challenge,312,10,1670477894000,true
1151,message,4th generation,650,45,1656933389000,true
1152,message,hardware,820,179,1667748746000,true
1153,message,5th generation,826,529,1667452782000,true
1154,message,contingency,174,677,1671709090000,false
1155,message,core,678,844,1675441231000,true
1156,message,analyzer,581,220,1666934247000,true
1157,message,Cloned,498,828,1647853613000,false
1158,message,Implemented,560,159,1662458752000,false
1159,message,demand-driven,692,444,1661693508000,true
1160,message,ability,142,124,1647282005000,true
1161,message,context-sensitive,161,416,1651604909000,false
1162,message,open architecture,806,132,1647390326000,false
1163,message,analyzer,541,282,1655729164000,false
1164,message,Profound,902,333,1662182741000,false
1165,message,function,561,629,1666902124000,false
1166,message,policy,828,30,1659571762000,true
1167,message,Focused,859,50,1658553101000,true
1168,message,encompassing,219,621,1675757433000,true
1169,message,global,481,338,1657533897000,true
1170,message,Multi-layered,248,752,1667176131000,false
1171,message,dedicated,314,754,1655869865000,true
1172,message,Streamlined,325,507,1663020466000,true
1173,message,didactic,960,37,1663246876000,true
1174,message,Versatile,296,246,1669748224000,false
1175,message,Expanded,495,990,1677948518000,true
1176,message,portal,924,140,1658102801000,false
1177,message,Extended,683,533,1654217430000,false
1178,message,Inverse,405,933,1650463898000,false
1179,message,Compatible,843,218,1657215244000,false
1180,message,firmware,357,110,1665403325000,true
1181,message,complexity,588,669,1666143848000,false
1182,message,product,289,733,1677031821000,true
1183,message,attitude,555,293,1665463249000,false
1184,message,knowledge base,786,945,1652798245000,true
1185,message,Multi-tiered,545,757,1653855987000,true
1186,message,Polarised,949,274,1646584688000,false
1187,message,zero tolerance,619,339,1651874220000,false
1188,message,Compatible,783,496,1677343136000,false
1189,message,directional,414,428,1676526680000,true
1190,message,Distributed,418,633,1663864454000,false
1191,message,Optional,961,295,1670850563000,false
1192,message,upward-trending,686,750,1663989861000,false
1193,message,Monitored,273,699,1665535655000,true
1194,message,foreground,454,374,1656982504000,true
1195,message,value-added,753,219,1667726178000,true
1196,message,eco-centric,821,847,1646565114000,false
1197,message,Synergistic,864,925,1671579286000,false
1198,message,Streamlined,110,61,1674053601000,true
1199,message,Synergistic,529,362,1654410828000,true
1200,message,24/7,298,295,1654779528000,false
1201,message,forecast,673,633,1653563373000,false
1202,message,Vision-oriented,660,546,1675551940000,true
1203,message,Programmable,83,737,1661000799000,true
1204,message,4th generation,46,419,1652307306000,true
1205,message,regional,176,416,1660360333000,false
1206,message,Extended,394,281,1648321688000,false
1207,message,Advanced,72,741,1669036781000,false
1208,message,Future-proofed,196,958,1652917624000,false
1209,message,Compatible,813,38,1669232905000,false
1210,message,flexibility,892,881,1647657590000,false
1211,message,analyzer,41,548,1661061331000,true
1212,message,projection,696,46,1670473826000,true
1213,message,interface,208,520,1649588109000,true
1214,message,open system,14,517,1651818879000,false
1215,message,Mandatory,11,318,1658970430000,false
1216,message,dynamic,929,736,1646351161000,false
1217,message,system-worthy,134,670,1651335482000,false
1218,message,Cloned,818,985,1660914793000,true
1219,message,toolset,250,610,1675794337000,false
1220,message,next generation,398,803,1653028872000,false
1221,message,success,167,948,1657655061000,true
1222,message,concept,179,276,1676183082000,false
1223,message,implementation,759,540,1654229417000,true
1224,message,solution,43,252,1675049814000,true
1225,message,Graphic Interface,851,850,1651639642000,false
1226,message,task-force,490,355,1646395154000,false
1227,message,complexity,192,401,1675058612000,false
1228,message,Multi-channelled,662,278,1660183526000,false
1229,message,Fundamental,946,834,1650553190000,true
1230,message,Enhanced,254,862,1661656478000,true
1231,message,dynamic,681,837,1670835435000,true
1232,message,Cross-platform,711,978,1650576413000,true
1233,message,Visionary,714,839,1652607677000,true
1234,message,paradigm,276,50,1664651916000,true
1235,message,moderator,919,262,1649473572000,true
1236,message,middleware,70,12,1659169355000,true
1237,message,capability,241,517,1668748521000,false
1238,message,intranet,520,637,1664967395000,true
1239,message,Face to face,969,205,1669701892000,false
1240,message,web-enabled,572,375,1659111171000,true
1241,message,complexity,79,690,1660846414000,false
1242,message,secured line,537,824,1655515174000,true
1243,message,project,390,372,1668391406000,false
1244,message,Intuitive,652,94,1673335157000,false
1245,message,system-worthy,654,657,1646874376000,true
1246,message,intangible,951,821,1670772215000,false
1247,message,Open-source,842,274,1677945412000,false
1248,message,foreground,926,68,1670086125000,true
1249,message,toolset,215,80,1658302372000,true
1250,message,demand-driven,602,27,1658603296000,false
1251,message,Function-based,842,715,1650624427000,true
1252,message,interface,684,289,1648122403000,true
1253,message,Organic,960,824,1649610171000,false
1254,message,modular,439,980,1665810672000,false
1255,message,User-centric,193,208,1668081305000,false
1256,message,encryption,869,986,1676564391000,false
1257,message,Adaptive,258,705,1677137687000,true
1258,message,coherent,83,310,1652954307000,false
1259,message,Enterprise-wide,354,449,1666432953000,false
1260,message,multi-tasking,326,874,1655609631000,true
1261,message,clear-thinking,171,857,1670994117000,true
1262,message,Re-contextualized,987,459,1646617042000,true
1263,message,context-sensitive,65,909,1647314638000,true
1264,message,access,209,527,1671051712000,false
1265,message,standardization,786,639,1665541837000,true
1266,message,hybrid,537,807,1654478071000,true
1267,message,Devolved,87,784,1659618883000,false
1268,message,Phased,953,988,1676810645000,true
1269,message,object-oriented,782,703,1648535621000,false
1270,message,Quality-focused,702,545,1647822955000,false
1271,message,homogeneous,710,33,1653574413000,true
1272,message,budgetary management,477,702,1677266890000,false
1273,message,hierarchy,280,990,1658374034000,true
1274,message,open architecture,954,231,1667093779000,false
1275,message,migration,591,664,1656856286000,false
1276,message,Fundamental,683,268,1674511499000,false
1277,message,system engine,491,837,1672005258000,false
1278,message,optimizing,85,986,1654003521000,false
1279,message,fault-tolerant,80,811,1648898214000,true
1280,message,client-server,504,59,1671457055000,true
1281,message,multi-state,347,656,1667943275000,false
1282,message,eco-centric,923,542,1675177849000,true
1283,message,asynchronous,501,502,1651811340000,true
1284,message,optimizing,359,928,1668176173000,true
1285,message,customer loyalty,466,741,1653366322000,true
1286,message,Centralized,300,831,1663086443000,false
1287,message,4th generation,613,66,1667881916000,true
1288,message,circuit,263,332,1660357063000,true
1289,message,function,80,355,1662044885000,false
1290,message,Optimized,263,194,1653976299000,true
1291,message,needs-based,123,787,1676672760000,false
1292,message,uniform,529,661,1676633845000,false
1293,message,analyzing,323,586,1651746730000,true
1294,message,focus group,644,911,1646439391000,true
1295,message,Pre-emptive,436,833,1661716326000,false
1296,message,Progressive,558,314,1674102143000,true
1297,message,access,361,755,1667832042000,true
1298,message,asynchronous,18,814,1653288622000,true
1299,message,disintermediate,461,495,1663883987000,true
1300,message,Synergistic,72,271,1657866528000,true
1301,message,Implemented,232,764,1653644806000,false
1302,message,Upgradable,331,474,1670085768000,false
1303,message,contingency,63,545,1664135707000,true
1304,message,analyzing,270,816,1649015528000,true
1305,message,asymmetric,478,546,1673254226000,true
1306,message,Face to face,585,29,1662080076000,false
1307,message,encryption,250,744,1665151829000,false
1308,message,multi-state,967,410,1661081788000,true
1309,message,strategy,993,776,1665601634000,true
1310,message,analyzer,166,911,1672111614000,true
1311,message,non-volatile,673,646,1659651302000,false
1312,message,Mandatory,669,136,1655917903000,true
1313,message,actuating,41,826,1651198141000,true
1314,message,moratorium,79,665,1671269076000,false
1315,message,attitude,984,179,1664959694000,false
1316,message,Enterprise-wide,745,800,1671725312000,false
1317,message,access,69,899,1665934941000,true
1318,message,systemic,925,268,1656848740000,false
1319,message,Synchronised,759,372,1651530386000,false
1320,message,leading edge,898,466,1671141233000,true
1321,message,Secured,84,441,1669961545000,false
1322,message,throughput,687,74,1671166451000,false
1323,message,Multi-lateral,323,666,1661538056000,false
1324,message,functionalities,235,960,1656894048000,false
1325,message,array,506,27,1650438791000,true
1326,message,pricing structure,858,603,1673261065000,false
1327,message,Programmable,992,835,1675522205000,false
1328,message,optimal,828,72,1654682259000,false
1329,message,time-frame,469,611,1660081344000,false
1330,message,support,676,261,1674553392000,true
1331,message,hierarchy,659,861,1653421551000,false
1332,message,modular,304,960,1650254046000,true
1333,message,Cross-platform,389,851,1672821234000,true
1334,message,user-facing,265,242,1652663305000,true
1335,message,Intuitive,265,64,1665036934000,false
1336,message,Managed,261,799,1661305271000,true
1337,message,De-engineered,801,45,1663137901000,true
1338,message,pricing structure,553,4,1663312942000,false
1339,message,emulation,57,449,1673214432000,false
1340,message,emulation,825,135,1677594425000,true
1341,message,Progressive,520,99,1658943174000,true
1342,message,internet solution,67,940,1648612472000,false
1343,message,5th generation,786,764,1651048439000,false
1344,message,utilisation,435,427,1661515689000,false
1345,message,policy,122,728,1658203748000,false
1346,message,software,908,348,1659385171000,true
1347,message,alliance,564,543,1650129113000,true
1348,message,Distributed,474,481,1668232433000,false
1349,message,time-frame,233,733,1652096304000,false
1350,message,projection,562,429,1663205455000,false
1351,message,migration,154,7,1672725574000,true
1352,message,Ergonomic,893,550,1674811899000,false
1353,message,installation,489,158,1668793325000,false
1354,message,pricing structure,314,178,1647913038000,false
1355,message,Secured,283,337,1653951129000,true
1356,message,model,657,106,1662845147000,false
1357,message,background,338,137,1677671555000,true
1358,message,Expanded,938,972,1665535670000,true
1359,message,Multi-lateral,181,296,1674360322000,false
1360,message,Profound,474,243,1646342406000,false
1361,message,Future-proofed,559,626,1675116967000,true
1362,message,intermediate,818,759,1648021331000,false
1363,message,modular,396,206,1657493461000,true
1364,message,monitoring,267,578,1651015916000,true
1365,message,empowering,746,581,1672586506000,true
1366,message,Persistent,456,832,1655103573000,true
1367,message,foreground,276,529,1655380936000,true
1368,message,capacity,260,139,1669114315000,true
1369,message,knowledge base,413,731,1660649009000,false
1370,message,Polarised,4,594,1673340310000,true
1371,message,content-based,542,234,1669977145000,false
1372,message,Programmable,271,870,1660284433000,true
1373,message,composite,119,179,1663827993000,true
1374,message,hybrid,440,531,1670330264000,false
1375,message,Advanced,342,633,1654499128000,false
1376,message,Adaptive,519,446,1662275884000,true
1377,message,Innovative,733,524,1665963068000,true
1378,message,Devolved,468,495,1664514269000,true
1379,message,foreground,914,221,1652815784000,false
1380,message,needs-based,194,134,1666716145000,true
1381,message,homogeneous,591,373,1661474138000,false
1382,message,5th generation,667,98,1675307677000,false
1383,message,analyzer,394,60,1667674536000,false
1384,message,Decentralized,649,655,1646718387000,false
1385,message,Phased,109,404,1675453923000,true
1386,message,fresh-thinking,179,11,1661248672000,true
1387,message,capability,347,762,1653228940000,true
1388,message,Monitored,329,403,1667220853000,true
1389,message,solution-oriented,474,817,1655461549000,false
1390,message,logistical,764,633,1647726954000,true
1391,message,logistical,307,19,1668389122000,false
1392,message,framework,294,208,1646737816000,false
1393,message,orchestration,104,159,1676546852000,true
1394,message,clear-thinking,555,370,1655395842000,false
1395,message,intermediate,769,709,1673210167000,true
1396,message,process improvement,599,980,1674167321000,false
1397,message,asymmetric,797,562,1670002435000,false
1398,message,Front-line,21,277,1648886345000,true
1399,message,didactic,224,937,1652296070000,false
1400,message,workforce,359,172,1677515612000,true
1401,message,needs-based,414,68,1651667326000,false
1402,message,Integrated,363,661,1676885026000,false
1403,message,Graphic Interface,476,452,1647060617000,false
1404,message,extranet,694,151,1649121494000,true
1405,message,directional,531,222,1658534005000,true
1406,message,frame,333,612,1674099006000,true
1407,message,policy,469,375,1661549855000,true
1408,message,reciprocal,380,92,1667542100000,false
1409,message,Right-sized,229,378,1664459455000,true
1410,message,intermediate,822,873,1659344327000,false
1411,message,didactic,568,655,1655481879000,true
1412,message,Secured,414,223,1668521707000,false
1413,message,customer loyalty,805,97,1649532807000,false
1414,message,non-volatile,524,453,1650937971000,true
1415,message,Quality-focused,989,749,1668154616000,false
1416,message,grid-enabled,100,655,1662298642000,true
1417,message,Triple-buffered,470,940,1667450098000,true
1418,message,Multi-lateral,356,887,1653170802000,false
1419,message,time-frame,853,902,1657954441000,false
1420,message,data-warehouse,648,565,1675243768000,false
1421,message,5th generation,737,212,1665939162000,true
1422,message,Open-source,68,771,1656439149000,true
1423,message,dedicated,57,419,1668919272000,true
1424,message,frame,875,366,1663460212000,true
1425,message,Extended,972,733,1663796574000,true
1426,message,Focused,714,591,1662597448000,true
1427,message,attitude-oriented,730,172,1675765617000,true
1428,message,Phased,25,773,1652910974000,false
1429,message,orchestration,386,775,1646343242000,true
1430,message,interface,550,199,1671199263000,false
1431,message,hardware,739,217,1668300607000,false
1432,message,Reactive,344,98,1673715577000,true
1433,message,Balanced,246,631,1646435375000,false
1434,message,database,882,914,1663394251000,true
1435,message,leverage,965,222,1666107966000,true
1436,message,archive,331,91,1668991435000,false
1437,message,next generation,527,553,1672699028000,true
1438,message,application,972,969,1669881025000,false
1439,message,Multi-lateral,194,253,1668024952000,true
1440,message,synergy,246,530,1666987700000,true
1441,message,Stand-alone,436,378,1655097564000,true
1442,message,systemic,134,706,1656348591000,true
1443,message,Quality-focused,689,724,1670573840000,false
1444,message,disintermediate,531,995,1652614635000,false
1445,message,discrete,439,516,1665405241000,false
1446,message,structure,133,492,1666021725000,false
1447,message,Balanced,453,123,1669983534000,true
1448,message,definition,264,819,1669399226000,false
1449,message,Down-sized,484,880,1669270934000,true
1450,message,explicit,657,169,1662702326000,true
1451,message,pricing structure,448,569,1661760890000,true
1452,message,parallelism,833,526,1659226086000,true
1453,message,Balanced,643,929,1646405462000,true
1454,message,Optimized,760,547,1666491092000,false
1455,message,Front-line,881,154,1656856451000,true
1456,message,solution,355,553,1657213892000,false
1457,message,hub,338,351,1665370985000,false
1458,message,global,917,840,1652234052000,false
1459,message,application,818,188,1666172991000,false
1460,message,local,565,916,1663474894000,false
1461,message,fault-tolerant,991,114,1659184769000,false
1462,message,leading edge,475,467,1651288892000,true
1463,message,leverage,677,794,1647099591000,false
1464,message,solution,883,162,1671244652000,true
1465,message,Diverse,257,668,1651386061000,false
1466,message,needs-based,892,268,1671424857000,true
1467,message,local area network,861,118,1646844684000,false
1468,message,analyzer,28,978,1675828580000,false
1469,message,Diverse,561,133,1673504924000,false
1470,message,Profit-focused,49,944,1675275940000,false
1471,message,exuding,705,857,1655111043000,true
1472,message,architecture,848,360,1671488391000,true
1473,message,Universal,155,312,1661803365000,true
1474,message,bottom-line,160,947,1677201007000,true
1475,message,Innovative,838,743,1672536613000,true
1476,message,heuristic,452,415,1670473648000,true
1477,message,background,826,15,1663946258000,true
1478,message,system engine,385,926,1662115898000,false
1479,message,Implemented,101,659,1669999879000,true
1480,message,array,425,991,1666137715000,false
1481,message,concept,523,594,1667094833000,true
1482,message,Extended,915,243,1646711052000,true
1483,message,Enterprise-wide,478,864,1677372321000,true
1484,message,forecast,918,95,1655186727000,true
1485,message,cohesive,937,34,1661927044000,true
1486,message,access,316,126,1674382446000,false
1487,message,Enterprise-wide,974,730,1662421189000,false
1488,message,Reduced,4,744,1674647293000,false
1489,message,Graphical User Interface,493,458,1677448459000,true
1490,message,policy,957,919,1646446129000,false
1491,message,bottom-line,924,504,1670288087000,false
1492,message,benchmark,543,152,1659610068000,true
1493,message,system engine,641,407,1652787975000,true
1494,message,protocol,441,934,1664706243000,false
1495,message,Grass-roots,825,529,1655221729000,false
1496,message,firmware,352,670,1665864166000,false
1497,message,executive,290,551,1647764068000,false
1498,message,adapter,209,86,1677242180000,false
1499,message,Ergonomic,219,452,1654750042000,false
1500,message,Seamless,826,942,1655465986000,true
1501,message,neutral,451,581,1676619430000,false
1502,message,5th generation,565,667,1675777169000,true
1503,message,Future-proofed,458,37,1652769779000,false
1504,message,responsive,56,924,1654558914000,true
1505,message,hierarchy,145,185,1663834170000,false
1506,message,Integrated,359,965,1664187532000,true
1507,message,system-worthy,874,121,1669988129000,true
1508,message,analyzing,461,740,1647328737000,false
1509,message,didactic,953,771,1662437485000,true
1510,message,Vision-oriented,187,242,1655088318000,false
1511,message,Optimized,183,383,1647266228000,false
1512,message,Future-proofed,945,948,1655044523000,false
1513,message,demand-driven,687,251,1661993147000,false
1514,message,Graphic Interface,411,288,1673045594000,false
1515,message,even-keeled,374,816,1656161816000,true
1516,message,hardware,995,487,1659693255000,false
1517,message,well-modulated,581,656,1649019443000,true
1518,message,software,46,326,1654836770000,false
1519,message,database,552,978,1653055391000,false
1520,message,application,672,217,1670458732000,false
1521,message,project,399,768,1667249528000,false
1522,message,De-engineered,898,952,1658564389000,false
1523,message,4th generation,291,371,1666932854000,true
1524,message,client-driven,380,432,1653517854000,true
1525,message,Operative,221,988,1667377667000,true
1526,message,Streamlined,822,829,1664113293000,false
1527,message,projection,746,597,1658142057000,false
1528,message,Organic,640,883,1673379928000,false
1529,message,mobile,76,642,1651790630000,false
1530,message,Quality-focused,454,367,1659203338000,false
1531,message,Centralized,955,623,1673857234000,true
1532,message,analyzer,946,677,1672241883000,true
1533,message,Managed,965,867,1667650729000,true
1534,message,Enhanced,349,712,1676201885000,false
1535,message,strategy,905,810,1649060087000,false
1536,message,throughput,573,371,1649139031000,false
1537,message,Graphic Interface,734,74,1658742063000,false
1538,message,knowledge user,230,130,1653897381000,false
1539,message,demand-driven,412,472,1653934410000,true
1540,message,Automated,807,769,1650924031000,true
1541,message,Team-oriented,857,59,1665733179000,false
1542,message,monitoring,551,165,1651685416000,true
1543,message,reciprocal,761,711,1660415697000,true
1544,message,incremental,584,872,1670448415000,false
1545,message,Function-based,456,234,1672256741000,true
1546,message,strategy,522,598,1667211153000,false
1547,message,Compatible,567,173,1656626258000,true
1548,message,discrete,93,865,1660760217000,true
1549,message,emulation,688,577,1662410208000,false
1550,message,definition,315,218,1655999372000,false
1551,message,Integrated,323,687,1670590513000,false
1552,message,Innovative,456,32,1677331106000,false
1553,message,ability,295,934,1657934135000,true
1554,message,background,292,787,1658845017000,true
1555,message,alliance,18,680,1650272194000,true
1556,message,Assimilated,346,320,1673280839000,false
1557,message,Multi-lateral,690,908,1663131317000,true
1558,message,context-sensitive,606,486,1662857755000,false
1559,message,Exclusive,926,974,1670858830000,false
1560,message,object-oriented,362,159,1660939643000,false
1561,message,zero defect,380,269,1667253359000,true
1562,message,productivity,207,143,1650175256000,true
1563,message,Managed,864,215,1658860165000,false
1564,message,help-desk,109,712,1649018778000,true
1565,message,Realigned,662,704,1651758846000,false
1566,message,definition,799,584,1652000759000,true
1567,message,dynamic,676,138,1671291186000,false
1568,message,Object-based,239,642,1665451505000,false
1569,message,Persevering,43,187,1650408910000,true
1570,message,complexity,660,796,1659364910000,false
1571,message,matrix,294,825,1653397059000,false
1572,message,Organic,760,351,1657431878000,true
1573,message,database,405,499,1654091967000,true
1574,message,Programmable,168,685,1664071782000,true
1575,message,Mandatory,658,658,1664517998000,false
1576,message,extranet,972,989,1664889186000,false
1577,message,Customizable,367,359,1662648154000,false
1578,message,Total,423,168,1651762658000,true
1579,message,extranet,936,595,1653894640000,true
1580,message,Focused,787,686,1667237583000,true
1581,message,Cross-group,176,880,1665362734000,false
1582,message,encryption,818,145,1653252820000,false
1583,message,Quality-focused,488,505,1673997946000,false
1584,message,dynamic,668,944,1649214508000,false
1585,message,directional,407,756,1652578260000,true
1586,message,real-time,587,765,1662156658000,false
1587,message,grid-enabled,378,292,1658561805000,true
1588,message,approach,693,468,1671786309000,false
1589,message,client-server,81,272,1668755812000,false
1590,message,Persistent,618,619,1674153032000,false
1591,message,directional,829,798,1661553439000,true
1592,message,access,141,370,1669375621000,true
1593,message,interactive,17,45,1673851097000,true
1594,message,Future-proofed,892,71,1661946585000,true
1595,message,Secured,633,2,1667939323000,true
1596,message,internet solution,224,256,1646361410000,true
1597,message,Decentralized,45,52,1669196699000,false
1598,message,Progressive,273,768,1664480686000,false
1599,message,policy,114,949,1651075359000,true
1600,message,groupware,318,589,1658478550000,false
1601,message,Reverse-engineered,658,598,1663720746000,false
1602,message,tangible,580,79,1654899582000,true
1603,message,help-desk,754,627,1658301252000,true
1604,message,empowering,602,891,1646469984000,true
1605,message,User-friendly,455,160,1661766720000,true
1606,message,zero defect,670,765,1666735254000,false
1607,message,dynamic,762,418,1668317706000,true
1608,message,5th generation,488,578,1664463552000,true
1609,message,Programmable,535,176,1669415720000,true
1610,message,Polarised,90,455,1670881231000,false
1611,message,knowledge base,773,151,1667422683000,false
1612,message,flexibility,307,40,1653331055000,false
1613,message,upward-trending,752,935,1656241345000,true
1614,message,foreground,424,477,1659976030000,true
1615,message,clear-thinking,538,217,1658010106000,true
1616,message,algorithm,939,6,1660803878000,true
1617,message,synergy,627,812,1667983633000,false
1618,message,Future-proofed,211,869,1671066330000,false
1619,message,Customer-focused,333,372,1673473331000,false
1620,message,neural-net,587,401,1658101654000,true
1621,message,value-added,286,487,1669120668000,true
1622,message,Sharable,928,762,1656690668000,false
1623,message,web-enabled,672,66,1648220047000,true
1624,message,Innovative,773,781,1664073586000,false
1625,message,Distributed,436,117,1674239130000,false
1626,message,database,10,667,1677593779000,true
1627,message,directional,251,476,1665345749000,false
1628,message,Future-proofed,367,989,1674925241000,false
1629,message,24 hour,665,842,1662383641000,false
1630,message,matrices,429,432,1666689009000,false
1631,message,monitoring,47,177,1662838814000,false
1632,message,Function-based,961,390,1649519561000,false
1633,message,bifurcated,999,967,1652145607000,true
1634,message,needs-based,640,479,1666750297000,false
1635,message,array,796,749,1647726203000,false
1636,message,logistical,921,840,1671199660000,false
1637,message,motivating,908,786,1649687489000,false
1638,message,flexibility,388,703,1663176667000,true
1639,message,zero tolerance,231,816,1656022853000,false
1640,message,intangible,664,475,1675387491000,false
1641,message,discrete,175,71,1662738926000,false
1642,message,methodical,609,997,1658498910000,true
1643,message,time-frame,336,279,1656313636000,false
1644,message,context-sensitive,169,764,1666858341000,true
1645,message,Multi-layered,392,698,1662821612000,false
1646,message,Exclusive,927,649,1674387074000,true
1647,message,encryption,431,945,1667206817000,false
1648,message,Persistent,586,157,1653927323000,true
1649,message,foreground,216,250,1656541326000,true
1650,message,demand-driven,153,218,1648373083000,false
1651,message,collaboration,679,257,1666961460000,false
1652,message,multimedia,694,143,1661238721000,true
1653,message,encoding,367,408,1663415697000,false
1654,message,Compatible,495,1,1677655665000,false
1655,message,optimal,725,439,1665374995000,true
1656,message,Fundamental,843,988,1668048556000,false
1657,message,orchestration,133,643,1675928842000,false
1658,message,discrete,37,592,1670579956000,true
1659,message,circuit,697,961,1669540375000,true
1660,message,intermediate,57,875,1647740633000,false
1661,message,Stand-alone,838,379,1651610792000,true
1662,message,Enhanced,564,99,1660899511000,true
1663,message,architecture,777,957,1659558784000,true
1664,message,local,524,936,1670890416000,false
1665,message,time-frame,968,354,1667311303000,true
1666,message,budgetary management,61,926,1648440683000,false
1667,message,logistical,820,582,1670302911000,true
1668,message,6th generation,513,376,1663380138000,false
1669,message,access,536,492,1646688480000,true
1670,message,focus group,426,704,1668834339000,true
1671,message,responsive,190,450,1660642220000,false
1672,message,Multi-layered,476,514,1656019241000,true
1673,message,forecast,171,224,1666091674000,false
1674,message,Devolved,714,817,1648770635000,true
1675,message,workforce,776,161,1677312974000,true
1676,message,disintermediate,412,692,1653819267000,false
1677,message,algorithm,496,998,1668321819000,false
1678,message,protocol,429,483,1665759446000,false
1679,message,standardization,413,807,1649757814000,true
1680,message,Vision-oriented,912,788,1675696362000,true
1681,message,object-oriented,433,790,1663588640000,true
1682,message,Diverse,771,945,1671931606000,false
1683,message,software,617,845,1664969113000,true
1684,message,Synchronised,573,945,1657149508000,true
1685,message,zero tolerance,837,773,1672734964000,true
1686,message,installation,1000,730,1668617030000,false
1687,message,benchmark,838,17,1677488703000,false
1688,message,asynchronous,765,389,1647613028000,false
1689,message,mobile,919,451,1660233407000,false
1690,message,attitude,1000,784,1647445241000,false
1691,message,explicit,587,218,1669284321000,false
1692,message,middleware,41,410,1665942669000,true
1693,message,maximized,41,102,1661815929000,false
1694,message,Organic,759,759,1655444279000,true
1695,message,conglomeration,514,832,1675363967000,false
1696,message,Devolved,910,188,1664749694000,false
1697,message,product,200,280,1675826351000,true
1698,message,Decentralized,222,96,1672051571000,false
1699,message,instruction set,399,12,1663604208000,false
1700,message,Diverse,160,255,1654545166000,false
1701,message,application,191,136,1660700760000,true
1702,message,grid-enabled,712,859,1676438470000,true
1703,message,grid-enabled,679,897,1669979760000,false
1704,message,Sharable,877,795,1649796245000,true
1705,message,Right-sized,769,595,1649261254000,true
1706,message,regional,951,926,1658078248000,false
1707,message,analyzer,19,844,1652451197000,true
1708,message,architecture,885,639,1648133936000,false
1709,message,transitional,568,317,1652929054000,false
1710,message,secondary,949,18,1655361476000,false
1711,message,4th generation,71,884,1668722259000,true
1712,message,Synergistic,155,112,1655208543000,false
1713,message,value-added,626,203,1650430241000,true
1714,message,Assimilated,206,178,1658494067000,true
1715,message,Persevering,502,903,1663276488000,true
1716,message,Reduced,855,804,1675302944000,false
1717,message,neural-net,287,891,1656939617000,true
1718,message,didactic,148,380,1659746338000,false
1719,message,superstructure,442,360,1650872836000,false
1720,message,executive,585,340,1670492225000,false
1721,message,Multi-layered,338,1,1654366763000,false
1722,message,Up-sized,577,876,1673985966000,false
1723,message,directional,648,896,1664926627000,false
1724,message,object-oriented,880,856,1674030203000,false
1725,message,foreground,985,362,1647049637000,true
1726,message,4th generation,994,873,1649196503000,false
1727,message,impactful,159,351,1674432573000,true
1728,message,multimedia,234,175,1667997065000,false
1729,message,complexity,428,30,1675631190000,true
1730,message,client-driven,687,838,1670453029000,true
1731,message,responsive,295,380,1669180288000,false
1732,message,user-facing,912,75,1670610811000,false
1733,message,Seamless,131,957,1657958466000,true
1734,message,executive,936,783,1666285564000,false
1735,message,knowledge base,693,723,1667463051000,false
1736,message,tangible,735,228,1647559636000,true
1737,message,5th generation,939,268,1664280362000,true
1738,message,function,191,877,1656212296000,true
1739,message,6th generation,606,78,1650713821000,true
1740,message,real-time,895,132,1669684039000,true
1741,message,hierarchy,216,890,1655079519000,false
1742,message,alliance,571,193,1670753596000,false
1743,message,open architecture,989,348,1673377715000,false
1744,message,Adaptive,900,396,1662162388000,false
1745,message,paradigm,812,988,1647901558000,false
1746,message,modular,863,176,1650410755000,false
1747,message,intangible,935,642,1647373015000,true
1748,message,dedicated,380,136,1670075282000,false
1749,message,Enterprise-wide,496,647,1664838269000,true
1750,message,Intuitive,352,368,1649430800000,true
1751,message,Devolved,581,327,1670091194000,true
1752,message,Re-contextualized,446,430,1671135593000,true
1753,message,info-mediaries,47,201,1663277107000,false
1754,message,conglomeration,163,167,1666116446000,false
1755,message,secured line,183,299,1675994440000,true
1756,message,Visionary,149,55,1658276743000,true
1757,message,Profit-focused,922,543,1653468231000,false
1758,message,Automated,807,499,1673372110000,false
1759,message,24 hour,933,400,1674949343000,true
1760,message,encryption,747,202,1659755244000,true
1761,message,contextually-based,209,10,1670626765000,true
1762,message,forecast,652,221,1665867766000,false
1763,message,impactful,70,198,1655155899000,false
1764,message,didactic,435,562,1650835684000,true
1765,message,customer loyalty,844,845,1666156225000,true
1766,message,customer loyalty,436,849,1652570938000,false
1767,message,Universal,930,603,1672177857000,false
1768,message,data-warehouse,844,840,1658017775000,true
1769,message,client-driven,143,209,1662170619000,true
1770,message,Compatible,15,191,1657193046000,true
1771,message,strategy,439,280,1665828904000,true
1772,message,Synergistic,642,295,1668107020000,true
1773,message,Universal,515,448,1649820679000,true
1774,message,Stand-alone,961,181,1671660640000,true
1775,message,Re-engineered,603,702,1659569442000,true
1776,message,intranet,686,143,1670544281000,true
1777,message,stable,429,464,1653672692000,false
1778,message,dynamic,887,208,1671029322000,true
1779,message,Grass-roots,272,772,1677439603000,true
1780,message,motivating,857,950,1650197299000,false
1781,message,throughput,621,117,1661330799000,true
1782,message,matrices,434,541,1665911547000,false
1783,message,radical,606,207,1646627858000,true
1784,message,Adaptive,747,203,1650526945000,false
1785,message,uniform,878,645,1663844009000,true
1786,message,Organized,183,531,1653189422000,true
1787,message,access,502,423,1675191570000,true
1788,message,Sharable,69,190,1659273935000,false
1789,message,Focused,794,835,1676130932000,false
1790,message,neutral,174,600,1671483884000,true
1791,message,Graphic Interface,36,948,1647681136000,false
1792,message,contingency,483,3,1654750411000,false
1793,message,Automated,520,719,1675663329000,false
1794,message,extranet,122,490,1677793379000,true
1795,message,Optional,530,930,1677503423000,false
1796,message,Managed,592,83,1669250728000,true
1797,message,dynamic,821,807,1646182912000,false
1798,message,Multi-layered,943,258,1675382017000,true
1799,message,Total,351,723,1670190743000,true
1800,message,Secured,614,93,1661964201000,false
1801,message,definition,135,315,1668318950000,true
1802,message,encryption,19,279,1668688807000,true
1803,message,multi-tasking,541,775,1670949163000,true
1804,message,Proactive,898,740,1649541802000,false
1805,message,Cross-platform,585,352,1663496372000,false
1806,message,middleware,910,342,1650901693000,false
1807,message,6th generation,756,282,1671309076000,false
1808,message,hierarchy,874,777,1673964280000,true
1809,message,analyzing,486,557,1650636854000,false
1810,message,Expanded,284,243,1659631892000,true
1811,message,Re-contextualized,485,549,1659673283000,false
1812,message,service-desk,818,402,1657270154000,true
1813,message,reciprocal,942,244,1666082776000,true
1814,message,access,616,349,1656542693000,false
1815,message,Synergized,200,478,1677357420000,false
1816,message,didactic,223,834,1665740923000,true
1817,message,content-based,694,428,1648473653000,false
1818,message,high-level,534,281,1649495803000,false
1819,message,Cross-platform,444,983,1676924458000,true
1820,message,policy,395,418,1668055120000,true
1821,message,Monitored,815,531,1650721272000,false
1822,message,Reactive,67,684,1663389864000,false
1823,message,Organic,19,666,1674911812000,false
1824,message,Managed,270,604,1650628224000,false
1825,message,protocol,504,471,1677860643000,false
1826,message,disintermediate,712,271,1662475908000,true
1827,message,multimedia,553,309,1650788624000,false
1828,message,collaboration,487,762,1654184961000,true
1829,message,Decentralized,308,190,1670097960000,false
1830,message,throughput,474,987,1663297253000,false
1831,message,Ameliorated,117,119,1672774583000,false
1832,message,fault-tolerant,697,948,1660329066000,true
1833,message,Synergized,140,93,1649917057000,false
1834,message,incremental,875,1,1660170628000,true
1835,message,complexity,409,329,1666882613000,true
1836,message,Open-architected,392,398,1673600174000,true
1837,message,system-worthy,461,945,1673289359000,true
1838,message,global,852,90,1672093512000,true
1839,message,secured line,299,799,1650736959000,true
1840,message,infrastructure,535,284,1675974310000,true
1841,message,Customer-focused,882,12,1661705818000,true
1842,message,Persevering,303,862,1648646313000,true
1843,message,Team-oriented,36,861,1666076665000,false
1844,message,holistic,240,478,1672082718000,false
1845,message,flexibility,967,516,1657533883000,false
1846,message,hardware,78,571,1668724876000,true
1847,message,adapter,713,650,1665317026000,true
1848,message,Proactive,253,255,1651806719000,true
1849,message,attitude,808,443,1675446447000,false
1850,message,non-volatile,782,326,1651010289000,true
1851,message,interface,256,166,1648980430000,false
1852,message,capability,312,506,1676419205000,true
1853,message,5th generation,36,725,1658621769000,true
1854,message,tertiary,747,669,1648675829000,false
1855,message,support,682,718,1665357803000,false
1856,message,secured line,443,518,1658629769000,true
1857,message,adapter,941,558,1648061041000,true
1858,message,Innovative,367,669,1663009267000,false
1859,message,Customer-focused,142,450,1675273774000,false
1860,message,motivating,44,404,1662246381000,false
1861,message,national,522,633,1668448437000,false
1862,message,Graphic Interface,150,124,1677862351000,true
1863,message,global,46,274,1653604741000,true
1864,message,Synchronised,662,290,1669280597000,false
1865,message,hardware,372,127,1658859674000,false
1866,message,multimedia,446,33,1674213018000,true
1867,message,budgetary management,529,968,1652144165000,false
1868,message,3rd generation,925,481,1651502296000,true
1869,message,Networked,615,134,1675661353000,false
1870,message,portal,161,861,1661072411000,false
1871,message,encryption,168,44,1662467106000,false
1872,message,uniform,889,97,1676036410000,true
1873,message,support,780,608,1650453710000,true
1874,message,zero administration,172,663,1670396696000,false
1875,message,context-sensitive,898,952,1654357792000,false
1876,message,tertiary,190,497,1658122074000,false
1877,message,Stand-alone,426,744,1661681556000,true
1878,message,Sharable,747,720,1657615437000,true
1879,message,adapter,495,312,1665585575000,true
1880,message,budgetary management,652,567,1667929404000,false
1881,message,Phased,696,248,1662952348000,false
1882,message,paradigm,673,280,1655122575000,true
1883,message,systematic,842,257,1661963542000,true
1884,message,national,66,984,1676322301000,true
1885,message,client-driven,353,588,1655231458000,true
1886,message,Public-key,504,781,1655283104000,true
1887,message,Reduced,111,893,1658423967000,true
1888,message,flexibility,739,437,1658294906000,true
1889,message,protocol,431,124,1662638883000,false
1890,message,Centralized,405,402,1655166663000,true
1891,message,Multi-layered,350,811,1658866909000,false
1892,message,clear-thinking,162,690,1656183839000,false
1893,message,Integrated,749,50,1670486934000,false
1894,message,installation,953,417,1648696760000,true
1895,message,Versatile,400,253,1677689464000,true
1896,message,Optional,241,64,1656050793000,true
1897,message,De-engineered,631,931,1673098675000,true
1898,message,neural-net,525,331,1664027660000,true
1899,message,dedicated,410,1000,1670559337000,true
1900,message,pricing structure,779,58,1648895586000,false
1901,message,Front-line,302,551,1664619962000,true
1902,message,Re-engineered,873,437,1649951392000,true
1903,message,Graphic Interface,221,950,1675719671000,true
1904,message,focus group,874,751,1663401648000,false
1905,message,real-time,97,8,1657093627000,true
1906,message,productivity,467,127,1652807352000,true
1907,message,5th generation,236,675,1651808216000,true
1908,message,Optimized,38,269,1665547744000,true
1909,message,logistical,917,730,1648665608000,true
1910,message,moderator,609,189,1674489945000,false
1911,message,asymmetric,459,339,1674657433000,true
1912,message,Extended,137,357,1648239756000,false
1913,message,dedicated,944,986,1658752573000,true
1914,message,next generation,864,69,1666138389000,true
1915,message,exuding,203,607,1656069861000,false
1916,message,open system,36,127,1672397120000,true
1917,message,hub,411,721,1663931626000,false
1918,message,Operative,581,470,1674134272000,true
1919,message,system-worthy,334,377,1666239288000,true
1920,message,background,414,375,1657814711000,false
1921,message,foreground,531,347,1663080993000,true
1922,message,Exclusive,697,974,1667315393000,false
1923,message,Compatible,16,4,1662549879000,false
1924,message,middleware,821,24,1658529947000,false
1925,message,Face to face,610,841,1670043147000,true
1926,message,hierarchy,742,730,1660522910000,false
1927,message,Extended,575,297,1651024931000,true
1928,message,24/7,361,740,1658241455000,true
1929,message,maximized,782,351,1665744783000,true
1930,message,productivity,130,674,1651120779000,false
1931,message,cohesive,241,297,1651263460000,false
1932,message,Public-key,781,34,1671351506000,false
1933,message,complexity,761,406,1670671428000,true
1934,message,data-warehouse,35,40,1676536726000,true
1935,message,client-server,239,850,1675639235000,false
1936,message,structure,381,942,1649698504000,false
1937,message,modular,191,734,1656483095000,true
1938,message,cohesive,381,922,1670066034000,false
1939,message,homogeneous,566,523,1659961784000,true
1940,message,Function-based,143,908,1665615654000,false
1941,message,flexibility,408,808,1657453502000,true
1942,message,solution-oriented,408,843,1677435069000,false
1943,message,optimal,275,68,1648803153000,true
1944,message,adapter,536,426,1668563938000,true
1945,message,framework,942,687,1672490694000,false
1946,message,project,42,785,1672583909000,true
1947,message,flexibility,901,34,1656130499000,true
1948,message,info-mediaries,630,351,1670684030000,true
1949,message,firmware,573,907,1655880491000,false
1950,message,Adaptive,605,870,1673135618000,true
1951,message,Open-architected,351,570,1652014558000,true
1952,message,benchmark,621,191,1649408709000,true
1953,message,multi-state,802,541,1669821760000,true
1954,message,Universal,194,599,1660393423000,true
1955,message,matrices,843,825,1673870533000,false
1956,message,Phased,411,664,1668879959000,false
1957,message,Customizable,844,562,1652611361000,false
1958,message,attitude-oriented,6,992,1658304599000,false
1959,message,interactive,65,97,1665975412000,false
1960,message,utilisation,375,267,1674041828000,false
1961,message,customer loyalty,663,99,1655046809000,false
1962,message,data-warehouse,95,498,1653027099000,false
1963,message,Seamless,434,113,1665265055000,false
1964,message,concept,187,707,1669321803000,false
1965,message,6th generation,687,142,1668938394000,false
1966,message,encryption,447,530,1657839277000,false
1967,message,Integrated,149,13,1666861273000,false
1968,message,local,588,183,1667236928000,true
1969,message,middleware,228,172,1673241298000,false
1970,message,concept,762,401,1652013102000,false
1971,message,disintermediate,458,133,1654659063000,true
1972,message,Multi-lateral,538,827,1670729552000,false
1973,message,concept,449,556,1665057957000,false
1974,message,Exclusive,536,77,1667654905000,true
1975,message,composite,552,687,1661679294000,true
1976,message,eco-centric,268,393,1649673726000,true
1977,message,structure,655,317,1654521550000,true
1978,message,Balanced,701,833,1658114807000,false
1979,message,national,128,968,1646190181000,true
1980,message,coherent,112,948,1648594713000,false
1981,message,definition,430,677,1671741766000,true
1982,message,high-level,800,846,1662804725000,true
1983,message,dedicated,463,504,1665084922000,false
1984,message,hub,708,524,1651191858000,false
1985,message,Persistent,592,511,1663135653000,true
1986,message,initiative,237,155,1662669578000,false
1987,message,client-server,135,84,1669365187000,false
1988,message,solution,28,668,1650507649000,false
1989,message,array,678,857,1660368585000,true
1990,message,Profound,762,883,1661167423000,false
1991,message,knowledge base,320,253,1670288961000,true
1992,message,Reduced,169,164,1654928904000,false
1993,message,hierarchy,149,69,1672016226000,true
1994,message,open system,196,370,1655070765000,true
1995,message,project,571,827,1655828804000,true
1996,message,Object-based,754,534,1649711461000,true
1997,message,approach,891,354,1670246838000,true
1998,message,customer loyalty,231,28,1656621090000,false
1999,message,needs-based,898,972,1667983289000,true
2000,message,Programmable,227,285,1676553882000,true