1,ccomi0,edominguez0@usa.gov,ZKR1cSI03DNR
2,efebre1,gvickery1@unblog.fr,wXnXkVEmP8CG
3,bvinas2,crickwood2@telegraph.co.uk,GxtayN
4,bcaldero3,jbetjes3@360.cn,8GxneSW
5,gfreda4,emacaree4@sina.com.cn,V3GUFA
6,ldeeman5,bviscovi5@creativecommons.org,VuKy10giGg
7,lronci6,jtungay6@telegraph.co.uk,DUwaRvNhyk
8,csaphir7,bedworthie7@newsvine.com,vKV6umGx
9,ckinworthy8,csnailham8@symantec.com,F0C3m0
10,awindus9,vmohammed9@senate.gov,Y24oBfpfYU0
11,gdessona,bhardwicha@netvibes.com,b0qTgq8Q
12,mellwandb,acrushb@diigo.com,LbjYuCw4O2q
13,cshortellc,mfranklenc@over-blog.com,gOhrUE
14,ccucinottad,obiggerstaffd@booking.com,DnxpfX31IbI
15,sleade,fparselle@is.gd,XemC3jBfm
16,ddragef,abrannonf@vinaora.com,2iZa4udJPYT
17,amemmoryg,snieselg@bandcamp.com,wX79yFp42UPX
18,larkowh,rclemmensh@uiuc.edu,fJhDvnZ3
19,astowei,damorii@eventbrite.com,wTN3bX51sD
20,agoronij,mhuckellj@yahoo.co.jp,wjnl38MSm
21,cknillk,jbonerk@cbslocal.com,FHy1vIg
22,cmattiazzol,alongthornl@who.int,hWkdJ9
23,erablenm,aemanulssonm@themeforest.net,FIkpiDV1F
24,dgynnen,btrowlern@shinystat.com,ZTF7RDQagSMw
25,btaptono,ilevesleyo@ox.ac.uk,Tpm8ttT
26,sdillonp,jworthyp@narod.ru,xIsmaVGPpM
27,tjewiseq,ariderq@topsy.com,908Vpt
28,abarmadierr,dnunanr@vimeo.com,4GlC8DYyPH7l
29,hcardinals,eplacstones@buzzfeed.com,yGwBl7eS8bY
30,ctuleyt,bstrutt@cdbaby.com,EcvtEX6ZTBl
31,clawleeu,emancellu@google.ru,ROOvrdjcl
32,mdelaciv,cstrangerv@delicious.com,frWJzP
33,kmewisw,amilhenchw@wikimedia.org,5Ytd1nDovf
34,mbergx,wettritchx@pinterest.com,e9IQ19u5o1
35,lmerwey,rcloughery@simplemachines.org,NPzrM7qa
36,wfrancombz,tbrundalez@icq.com,1fo3XlQfC
37,sdanihel10,sbalden10@wix.com,oi6FT5Ul97CB
38,bbrute11,umackstead11@hhs.gov,MqW5WiCW
39,cmacconnal12,ltelfer12@php.net,wPWVXqG8x
40,bgoning13,cofearguise13@accuweather.com,dLor9dHauT
41,bbroadley14,arenackowna14@cpanel.net,kCfChT5
42,jgodier15,srainton15@homestead.com,acmUn6H
43,rhugle16,njohannesson16@scribd.com,Zd0Tctl
44,csketch17,scardenoso17@sitemeter.com,ICbuGQx
45,tmaus18,etout18@hud.gov,v6IBJ0m4
46,amattioli19,hwalak19@sogou.com,2rii5x4vRes
47,glunge1a,jwick1a@yahoo.com,YIDEGSPkNEl
48,vharbord1b,ypidon1b@goodreads.com,oKulMNzCwmt
49,gmumbray1c,rlovelace1c@t-online.de,Ju0fNtS
50,jayling1d,atrittam1d@typepad.com,hU42XU756mdD
51,srandalson1e,tgerrietz1e@ted.com,mW5sIMZ
52,bwiddall1f,chedditch1f@mapy.cz,jxLctFq
53,kprattington1g,ecrichmer1g@rakuten.co.jp,Seg6TPjmfJkA
54,jkennaway1h,tciciura1h@dailymail.co.uk,reovZjuSud1
55,marden1i,iconibear1i@xing.com,rGaeXAD
56,mstean1j,gferber1j@baidu.com,SBcc5Oh
57,ikingcott1k,dreinhard1k@go.com,XTCkFG
58,rloveitt1l,sbutterfill1l@google.cn,r0nzbyLWieW9
59,cbaseggio1m,kdocharty1m@indiegogo.com,1ivmKEdQkv
60,lsugg1n,sgildroy1n@phpbb.com,b1Hvj583op
61,kwoolnough1o,acosbee1o@miibeian.gov.cn,OVbCSUtBd
62,gmckenzie1p,dpiffe1p@salon.com,6pZ1WhE1
63,bhafner1q,handrzejewski1q@hp.com,tAVq7dxLojPe
64,lchittock1r,sgiroldo1r@t-online.de,1FybFAvYNP86
65,jclearie1s,bkilbey1s@cdc.gov,KW6HBX2
66,gshepheard1t,mklee1t@phoca.cz,vD7Eqmi31M
67,rhuthart1u,dwannes1u@domainmarket.com,aQ2VuCWAh5
68,jhinzer1v,jcauldfield1v@ucla.edu,92UOeEf
69,nemburey1w,hcovolini1w@acquirethisname.com,VU51q1WL9yR
70,mbakesef1x,tmctrustie1x@ox.ac.uk,IRzUZ52
71,sneilly1y,aczajka1y@nih.gov,kxhQoTaiHNs
72,ppossel1z,kbuscombe1z@businesswire.com,vHDsHlW
73,bhrishchenko20,prishworth20@hc360.com,jTqJUGsQxy
74,pdusey21,bkellet21@bravesites.com,QGkOWMHrEt
75,kdandy22,aormesher22@google.ca,mFteWXaOU3ZC
76,rbabington23,llukianov23@bigcartel.com,RIV48iOhkykK
77,hmanuel24,blawler24@feedburner.com,FWIk2EYZqQ
78,alaven25,nshearmer25@hibu.com,9kuDetX
79,mturnor26,rjoselson26@angelfire.com,Pw2CCJ
80,bdavaux27,fboughey27@businessinsider.com,UfFvQfFmZ
81,rviner28,gmancell28@people.com.cn,jazCwm
82,ablacksell29,epetrashkov29@csmonitor.com,r7UNtb
83,lmaher2a,wlavis2a@dagondesign.com,RYatIQsd8oX
84,umoresby2b,smechic2b@ucla.edu,1c2tGD182P
85,jforbear2c,mlefriec2c@imageshack.us,Iflvxa
86,jheddon2d,acosgreave2d@wisc.edu,bla8g5Z
87,smollindinia2e,onorthey2e@usnews.com,zX2UpEPw
88,ddudenie2f,btoor2f@webeden.co.uk,tFKC97wK
89,ckarlik2g,oogilvy2g@ihg.com,bO7ndt
90,rpopworth2h,abailles2h@php.net,Fdq6csZP
91,blidyard2i,erestall2i@bloglovin.com,d5lZbladHtsm
92,mheditch2j,tbrownsett2j@dyndns.org,49mayXppaARQ
93,awaterworth2k,tsandys2k@wikimedia.org,DYFSMG14E4
94,ajaram2l,gcleyburn2l@dropbox.com,irvHbXVelViK
95,cgillet2m,mvurley2m@flavors.me,25ZHEh3H
96,pverrechia2n,hlacer2n@google.es,lmRQb670gNl
97,bfend2o,esentinella2o@plala.or.jp,xsmAQUfK6JG
98,kdrysdall2p,freasun2p@dell.com,SJxz4IKw
99,calbury2q,sruthen2q@ftc.gov,bwCMqaFp
100,osturt2r,traecroft2r@github.io,aEJ2FqKkm
101,clynch2s,jsambrok2s@i2i.jp,rIBsYeK4fO
102,gcatley2t,fdaubney2t@loc.gov,hBBMjTfNW9l
103,memilien2u,acornes2u@comcast.net,3QtT6Y3GPA
104,egrece2v,dbartholat2v@spiegel.de,VZIxoLJo
105,bjeschner2w,ohatry2w@bandcamp.com,mHNrizP
106,mmyles2x,aespadas2x@cbslocal.com,hW4jH5sVG8
107,nyarwood2y,cgore2y@walmart.com,xGA0RUNA
108,eeede2z,cjewell2z@hud.gov,OGZ3gQBAOZ8e
109,ebusen30,jbecks30@senate.gov,2k59Ku
110,gcrosston31,jcalleja31@ezinearticles.com,JjVbm0u9m0hW
111,estrangwood32,igiacoppoli32@friendfeed.com,yL3p4lz
112,mlygo33,jmcgonigal33@pbs.org,YyQgRul
113,lblaes34,rgalier34@biblegateway.com,zYU8exmyNF
114,dstarbeck35,mstaresmeare35@people.com.cn,P3ZxcaqmMIFy
115,lmilius36,cbeeton36@miitbeian.gov.cn,C2u01k
116,jwandtke37,swhittenbury37@cdbaby.com,tbRwmzPrQ
117,emarcus38,gbartleet38@mit.edu,YNpFI8W
118,srahill39,tchastan39@samsung.com,hIBWnmqgoKnk
119,bvasentsov3a,cmillmoe3a@163.com,WAwHWXrnlYt
120,pheddon3b,sdutton3b@webeden.co.uk,fR18M4
121,fbrompton3c,choulaghan3c@msu.edu,QrKgdtGWi
122,olequeux3d,cchmiel3d@aol.com,3kVsvQ3
123,jjone3e,rpowdrill3e@twitpic.com,CKt9jXKVId
124,lcorse3f,ltokley3f@geocities.jp,U4MjEC8j5
125,akimblen3g,cbauduccio3g@addthis.com,Yg5NjUW1
126,skemmons3h,lgrigorini3h@nytimes.com,mONRJOGrG
127,smcfeate3i,jlonghi3i@imgur.com,d3FWWZM
128,amcgeffen3j,kdumingo3j@independent.co.uk,8rLSk4DCjCSe
129,igaskin3k,jmealiffe3k@deliciousdays.com,khz7BYqOf
130,hfollin3l,mbanishevitz3l@dropbox.com,dNsOnjNKLT8
131,mkinsell3m,cmatkin3m@examiner.com,R8tLTYW84
132,dhallworth3n,awelford3n@facebook.com,Vhf70BQIjuWe
133,pricson3o,emaccartan3o@archive.org,t3RpFzFn2
134,cwinder3p,cbaston3p@com.com,4wqcXnYnS
135,cdumphrey3q,ceouzan3q@mozilla.com,iD1ztG8NXq
136,gcrennell3r,kjoe3r@discovery.com,hdz5SK
137,cconnikie3s,dvillage3s@google.it,OOtosIJjvN
138,wconquest3t,jhugh3t@yelp.com,EExwCvA1Eka
139,jshakle3u,lcousans3u@unesco.org,gM0yFNsx
140,jgrafhom3v,crichardin3v@unblog.fr,I4BofNb
141,dnieass3w,jfolini3w@e-recht24.de,1juy5a8APlAG
142,arolph3x,ddowers3x@huffingtonpost.com,ceuxOBysPjgw
143,hbodiam3y,nswoffer3y@zimbio.com,OIyVwFk2QoUn
144,dmilius3z,hhancox3z@facebook.com,tdv5aJExzOu
145,jhassin40,lslopier40@ask.com,XSyYGzEB
146,kcapron41,arochelle41@ebay.com,LRS1t0UIF2d
147,hgooden42,ecarlsson42@trellian.com,XFt2HDTjOA
148,hbard43,dabbis43@barnesandnoble.com,E6z56QQ
149,cheaviside44,cnitti44@sciencedirect.com,wS4zLxf
150,aearengey45,cmarin45@ocn.ne.jp,r489vORUuZuP
151,efirmage46,lbyrom46@seesaa.net,94EkTHFX
152,doshea47,bbuckhurst47@dell.com,3oeYN732Bcpq
153,mgercke48,mguenther48@whitehouse.gov,LRkheim4s
154,rpaver49,chelm49@jimdo.com,oWN6XN
155,dweekland4a,jsimononsky4a@cdbaby.com,lMhXc4omnN5
156,jmora4b,anorthall4b@issuu.com,GnxTdLEt
157,shamnett4c,ematusson4c@ow.ly,mLoTr8P5y
158,tfernyhough4d,tphilbrook4d@altervista.org,xGbhoAP1D
159,dsoreau4e,rhutcheons4e@patch.com,QwlwljL0egh
160,nowbrick4f,ngritton4f@sbwire.com,18xh8jyPiW
161,cmcphelimey4g,odiloway4g@chicagotribune.com,gLWa1ntVRkMq
162,fredgrave4h,dbeddin4h@fda.gov,xmsJhyKOZmNV
163,rgaines4i,hbrennenstuhl4i@chron.com,FV3YbYtb
164,jbeazleigh4j,mtindall4j@friendfeed.com,g8F8U30
165,jdipple4k,enorledge4k@bravesites.com,wBNKBN1V
166,ebigmore4l,rteideman4l@imgur.com,9DzidZ
167,aekless4m,rtrewman4m@clickbank.net,MinYAfD
168,dgruszczak4n,bkesterton4n@usnews.com,2qsViFQhb
169,mshoorbrooke4o,bgatling4o@japanpost.jp,Qj9ZtETuZ
170,abrampton4p,sfernez4p@homestead.com,LaTFjqlu63
171,ckalisz4q,ecorrett4q@dot.gov,ElpDiPGV4EC
172,tformie4r,xnewman4r@nbcnews.com,noPmF9
173,bdreus4s,hgyrgorcewicx4s@list-manage.com,1Byugr
174,ryounge4t,cwrench4t@omniture.com,uzenbuK
175,awoolam4u,brammell4u@booking.com,FEu12isDcD0
176,hbrameld4v,moliver4v@oakley.com,ztfDboXCZy
177,sviveash4w,adinapoli4w@goodreads.com,BS1rWFGAohtv
178,bbraidford4x,scadman4x@free.fr,eorck5UPPP
179,nrude4y,chuzzey4y@aol.com,4v2nkH3KNd25
180,cpardy4z,sderoche4z@ft.com,Y0gYhuZ
181,tavrashin50,ahallock50@npr.org,TfMBZNJH1xub
182,aperche51,jwilkerson51@patch.com,LtvJG5FZ3Vop
183,mworsall52,rbrehaut52@storify.com,qb6COcZGmnpV
184,pspearing53,rashpital53@seesaa.net,3E2JxMqAj
185,bkhilkov54,robreen54@kickstarter.com,tH3JNH68r1y
186,hkwiek55,eelkin55@mashable.com,pJ5Wfu
187,lhursthouse56,tadair56@de.vu,0gwNy9RX7
188,dgreenshiels57,ragnolo57@disqus.com,V8YrbnPrl7Fg
189,idennistoun58,cduxbarry58@slideshare.net,Xn0KTcAnEY
190,gchislett59,ewartnaby59@sohu.com,XmmZp4tHcI
191,asirey5a,sbadger5a@netscape.com,ARoD6te2T
192,bkenzie5b,peilhart5b@about.me,W6MClQ0n6sC
193,maspall5c,wbennoe5c@csmonitor.com,OP50ffm6slX
194,jscopes5d,gcahill5d@microsoft.com,JeSltL
195,fkibard5e,ncarss5e@dropbox.com,Cg3QRL
196,choovart5f,eclapperton5f@ebay.com,gcJRV9v
197,hcregg5g,zmclinden5g@phpbb.com,tS3kvbph
198,mwaything5h,wyouster5h@xing.com,vtGd3CU
199,bscurlock5i,rmallord5i@bandcamp.com,ER91ASm
200,landress5j,cyushkov5j@wikispaces.com,GqU8qAjpeMQJ
201,bsandall5k,bwhear5k@php.net,ieMOZPt
202,hstodhart5l,rhammerstone5l@addthis.com,bHdPVeVl
203,srickeard5m,mgeard5m@spiegel.de,1dUTR7
204,gdollen5n,khouliston5n@wikia.com,0H60lnDgC8Yb
205,dbernardeschi5o,ahimsworth5o@aboutads.info,HLi23Lrd4
206,hnorris5p,bschulter5p@unicef.org,U5zFUh8
207,nkienzle5q,rollivier5q@earthlink.net,KmG3YLBq4w1f
208,arubinek5r,chercock5r@dell.com,sPoV7BtL
209,beassom5s,hendecott5s@nih.gov,eFxUoBZkiU
210,kpaliser5t,clambole5t@smugmug.com,cmCxh2O5
211,rstatefield5u,ocarden5u@nymag.com,DmvCPoc
212,cklarzynski5v,arundall5v@economist.com,CwGtLrNm8JIY
213,agarter5w,jgreaterex5w@photobucket.com,i1WimxRVZc
214,jwillbraham5x,nsellen5x@gravatar.com,fgsguUg
215,vbiles5y,awasbrough5y@redcross.org,abaahoE
216,mvanlint5z,gcurnokk5z@quantcast.com,DFUIPqHn
217,gflowerden60,oharling60@pen.io,vcrGjQzn4gP
218,abockett61,jsoldan61@xrea.com,XzGhwfttmKiU
219,esneden62,tfonte62@nih.gov,YNC7v1GIFM
220,tconsterdine63,cchapple63@jiathis.com,kV6D5zbiqG
221,lwestlake64,sdrieu64@mit.edu,YpkrPrt
222,drhule65,lgerrett65@ameblo.jp,FLA7d9f
223,dedmonston66,rdampney66@phpbb.com,kZOtNscm0BM6
224,mclausson67,mthombleson67@wikimedia.org,kuQy4x00Nco
225,ljovovic68,wcromblehome68@china.com.cn,AdoatrPGaWuA
226,mgoghin69,ocussins69@opera.com,M6P9sL
227,mosmon6a,cplumridge6a@arstechnica.com,08yD9T5
228,bpleasants6b,jwoltman6b@sciencedaily.com,yYcxi0SpE47A
229,scorneil6c,kpegler6c@microsoft.com,kCEAoS
230,nretallick6d,sdudson6d@admin.ch,HOvbN5yyNx
231,cgillespie6e,nbranscomb6e@ted.com,4LOZbeHCRedD
232,glingley6f,phan6f@parallels.com,p0FPbg
233,rkepe6g,keidelman6g@istockphoto.com,PqExnyH8Unhm
234,dchiles6h,ksirl6h@digg.com,9WdgGNb
235,gnutbean6i,bwhall6i@bravesites.com,kFrGQ1Yk
236,smcmeekin6j,bflanaghan6j@vk.com,FHdVcy4pmru6
237,dtownson6k,bbeardall6k@wisc.edu,Q6DUCRj5n
238,anend6l,avandaalen6l@xing.com,2TQBj5Ti
239,vkinde6m,mwhitmore6m@php.net,IZwJSBY
240,bsabathier6n,gwalaron6n@chicagotribune.com,KgPBiYN3JzT
241,phackett6o,pmaw6o@census.gov,osd5rSe49Ay
242,gcocksedge6p,earkow6p@blinklist.com,0PdMVsjuollr
243,rbaston6q,mparkhouse6q@vistaprint.com,IeOkIdD
244,bdillinton6r,rbrundrett6r@ucoz.com,04t4XGC4sF
245,lkoschke6s,kfourmy6s@123-reg.co.uk,zSsNXPps
246,iodwyer6t,eedens6t@blinklist.com,CqcbK4E
247,cpinor6u,pmcnicol6u@harvard.edu,Vja4NDBv9me
248,grenvoys6v,amapis6v@instagram.com,B5eSsjrAIF
249,fglasbey6w,shutten6w@hc360.com,i36LYp0Z
250,mhelstrip6x,akimble6x@e-recht24.de,n91SY8
251,ssaenz6y,lmapletoft6y@ebay.co.uk,4EIBFqdLEZk
252,dledwitch6z,agarlant6z@gnu.org,eVPUk2eyI6P
253,rlindemann70,pold70@weibo.com,ZIi1iOC1XHte
254,blebreton71,pmaletratt71@unesco.org,EtAa3sIMP
255,pmurfill72,hbrabon72@nifty.com,61zs8G78
256,rpatters73,dcherrison73@tripod.com,nNowAm1o2V9M
257,acopp74,ccast74@wired.com,Y1rpe4c
258,jlangelaan75,lbonafant75@pen.io,nxjtdg
259,zskey76,aortet76@topsy.com,hMkYYju
260,jfetteplace77,bgoudie77@seesaa.net,FWZ5AYv
261,cbutler78,emassei78@cargocollective.com,uISB6c
262,jvigneron79,bmalmar79@msu.edu,ER0ApPEcZGTJ
263,nmayworth7a,iflanaghan7a@myspace.com,A2uuXT
264,mlarwell7b,amcgerraghty7b@fastcompany.com,QS38oJY85P
265,bhogbin7c,svasyunin7c@twitter.com,gPwEkb
266,bsenyard7d,mfilip7d@hexun.com,MXAWwaTNUD1X
267,ccutcliffe7e,amays7e@gravatar.com,wbYTcqmbRr
268,fclewarth7f,njohananoff7f@rediff.com,FQVCSo
269,nchastanet7g,kjoreau7g@123-reg.co.uk,Pzmdzrkhmro
270,cfarguhar7h,mmingay7h@wikipedia.org,mztli1O5
271,rbeden7i,challiday7i@linkedin.com,PEv53Ly
272,ngreaser7j,awalsom7j@wisc.edu,KplPcR
273,rdavidsen7k,gsnazel7k@washingtonpost.com,U1wPI8xriVNh
274,mpaskell7l,sesselin7l@europa.eu,BKNcLogrKCe
275,nshyres7m,dnyles7m@bbc.co.uk,AY1f46
276,dcassin7n,hfickling7n@oakley.com,8Y2x0Kbr
277,smatveiko7o,jpaulon7o@flavors.me,ke6Gek
278,mcuddihy7p,smartensen7p@psu.edu,aMxun6Q
279,qmangenot7q,ihalversen7q@auda.org.au,QXl3Te
280,dstuther7r,lhillitt7r@google.com.br,D6t1Xibzo
281,epalk7s,criach7s@hc360.com,pSW2GVVy
282,tregelous7t,csegoe7t@opensource.org,63VY5sW
283,tdax7u,bmalins7u@mapquest.com,AAndtHjB
284,wmatuskiewicz7v,epumfrett7v@auda.org.au,A6C3TR1u2h
285,fcuree7w,fdesborough7w@mail.ru,JTjJNql
286,kspilsted7x,awilkin7x@oracle.com,ooDMtU4uY
287,otumpane7y,mshardlow7y@cargocollective.com,6QDClc1DDTo
288,hboniface7z,llaban7z@tinypic.com,QDMUFM8I
289,dscarff80,astennings80@hc360.com,XSFJsNJNgwO
290,cferraro81,dsiberry81@sina.com.cn,WKTCu6
291,nwillock82,qmadeley82@kickstarter.com,nrGjvGiSU
292,smcvicar83,bvignal83@vinaora.com,UqqYzuGB
293,nmasdon84,bkeaves84@house.gov,XkjF6t
294,adeboo85,kalthrop85@paypal.com,qEsRs4w4FRr
295,wabry86,ggocke86@a8.net,hLbNZ1n1XPx
296,wpoulsum87,nvel87@nps.gov,LGiUcyGhz
297,nassard88,aseeds88@hc360.com,7XbkjNRfqV
298,wsyncke89,twilkins89@blinklist.com,8xhtFM8c10L
299,ccullin8a,rfurst8a@storify.com,QuV8vN05fy
300,fbrockelsby8b,deadmeads8b@chronoengine.com,eHPzwDLGpK
301,dthackray8c,kdebrett8c@nytimes.com,MyyE2yK
302,nbrickstock8d,kdeye8d@studiopress.com,JjuRdfZR
303,bparradye8e,nfritter8e@stanford.edu,vbpMQzKJmZvp
304,ktheakston8f,mbeilby8f@google.nl,MIDvAB
305,lpurtell8g,pmaylour8g@netscape.com,JttRnb2aHXM
306,dyanshonok8h,nmatussov8h@sciencedirect.com,s21gTiRhxF
307,ioquirk8i,vtawn8i@usda.gov,CHrk1193RaR6
308,cwhayman8j,kjorcke8j@edublogs.org,L3F5MX
309,gmaffetti8k,efulkes8k@t.co,0Rr4Xs0Aegq
310,yworviell8l,egrimble8l@dion.ne.jp,Wh62Ds
311,hmcgorman8m,lhalliburton8m@newyorker.com,UssZCwmGKH
312,wdik8n,dsanter8n@blogspot.com,daXsae3EF
313,opendre8o,isayes8o@domainmarket.com,CBXn9YaNS5
314,lshowers8p,molphert8p@bandcamp.com,v3U6dk4kWW
315,badderley8q,amarczyk8q@ftc.gov,iUFbwTJnu6w
316,fbolderson8r,kcondict8r@mozilla.com,Eq2nwga
317,dhowford8s,nmuat8s@home.pl,vF6XUaz1k
318,mcarvell8t,ahing8t@reverbnation.com,hCnr85KuX89n
319,btreacy8u,vgwyneth8u@archive.org,IIiUoUhKyEvC
320,kdawkes8v,tsander8v@parallels.com,S3AOVldo4jRp
321,rbennington8w,klunt8w@va.gov,CiPfatLOX
322,rmcasparan8x,gsimmell8x@bizjournals.com,ezTTzZWSk
323,jtomasutti8y,ssheerin8y@businesswire.com,huZmoVlqeJ
324,lchristofides8z,abonnaire8z@posterous.com,H8dg8v
325,aminocchi90,tgaiter90@kickstarter.com,YbHji3GLD
326,ckilgrew91,jfrantzen91@unblog.fr,isloJDs
327,tdellascala92,scareless92@huffingtonpost.com,WHqjOGALuid
328,cocurran93,ebunner93@cmu.edu,RtgRhb
329,dforsyth94,lmacgraith94@vk.com,ukqXHiGqHF
330,vhanbidge95,marp95@dedecms.com,EtXfz2HcPUU
331,pnancekivell96,btiltman96@dyndns.org,GRnWePqyfC
332,tlangmaid97,erosenkranc97@patch.com,SLQozJ
333,ryerrill98,bmilner98@statcounter.com,nEn2DXf71
334,lcollins99,imatthewes99@i2i.jp,6XFNEFYAN
335,rcleverley9a,jwhether9a@cnet.com,ZFN80f
336,twitheford9b,mladlow9b@ocn.ne.jp,4FDv2OL3
337,rcomo9c,lwillshaw9c@reddit.com,3z1dmgR9sn
338,biddons9d,ssemrad9d@smugmug.com,O2lBv2ZSij
339,jduerdin9e,braiman9e@pinterest.com,hOjHKUGjdrN
340,shuggett9f,eberks9f@cloudflare.com,iMCYK1Ojk
341,cvaggers9g,xandriveau9g@apple.com,YqDVhSlXAdq
342,mridett9h,spiddington9h@blogger.com,6AgZvI6HiU
343,gmorsom9i,igooddy9i@jimdo.com,pYB03EXLSE
344,choundson9j,wwarrington9j@google.it,v9B2ZX41
345,sgoldsbrough9k,spietrowski9k@myspace.com,Gahu6j
346,gableson9l,dmaccracken9l@epa.gov,Z8H4pcFeUd5x
347,fleball9m,akilgannon9m@cbsnews.com,3WsKwOr
348,ecoffelt9n,pprobate9n@tripadvisor.com,9BNlf8v
349,rsesser9o,bdidomenico9o@godaddy.com,WjBRllL3hOt
350,ajeayes9p,hlark9p@auda.org.au,92bhzyIz
351,emagog9q,wheckner9q@icio.us,sx8BJ6C3XB
352,ddownton9r,cpoletto9r@virginia.edu,xz2ZFzAlV
353,debrall9s,cmenilove9s@auda.org.au,F0VseguYa
354,bdolphin9t,mreadshaw9t@usnews.com,F2IaZuiAlqnP
355,mhucklesby9u,ggaitung9u@seesaa.net,15fS8oC
356,kmuckley9v,cell9v@joomla.org,eRH7JPhjFb
357,kackenson9w,raudenis9w@mlb.com,Xp8cLRcSS4
358,sgarrish9x,mfullerlove9x@sfgate.com,6AnXuXBGvA
359,scatmull9y,jilchenko9y@google.co.uk,obN7aYfyqm
360,bcorssen9z,lboshere9z@pagesperso-orange.fr,qQKrhH7e8wN
361,aedelmana0,lbagstera0@pinterest.com,n6MdXII
362,dwherrya1,eparsissona1@omniture.com,0w5mxEa34lU
363,mtomkina2,dbrashera2@bluehost.com,sAFOQ95
364,mkneafseya3,cdoonicana3@abc.net.au,Uqb6qpiq
365,byewdella4,rfelda4@comsenz.com,LqoBgxulF57
366,trehna5,lclaywortha5@epa.gov,mDqBIYiHmN7
367,aglassera6,lhymasa6@state.tx.us,SkrSa5r
368,dstouta7,aphinnisa7@wikimedia.org,KDk4MBo5na
369,boxera8,abutlerbowdona8@princeton.edu,o0NZb1cmjDV
370,adigweeda9,lpeata9@nifty.com,VANZEiw9
371,wlebarraa,sallderidgeaa@virginia.edu,IfzAUJbUotSE
372,dtryeab,hmeehanab@t.co,RZKeVCvMd
373,mwardleyac,iloosmoreac@webmd.com,IH3KZ07kZ6Or
374,jkillcrossad,aiannazziad@newyorker.com,jNhBmSlqo
375,ctallonae,wlilleae@istockphoto.com,yhl8hfTrvKhw
376,gduchenneaf,moriordanaf@cbslocal.com,UTcFkkudU
377,dhudsonag,gubeeag@51.la,JT3E0g6AqC5y
378,ddjordjevicah,asinclairah@homestead.com,rMuOu4VXE8
379,hdevaenai,mantonoyevai@hubpages.com,yglX8CBz
380,ajiriaj,jgreenroydaj@qq.com,4sRzZuYUGLH
381,cbutchartak,gweaverak@amazon.co.uk,MxEwIOrLu3vq
382,mjendrassikal,etottal@hubpages.com,LIs5zewGcS5
383,sdeeproseam,kdenesam@vistaprint.com,P7kErl
384,dcrouchan,alamminaman@jimdo.com,arQTcQCL
385,aosmarao,mdooleyao@vistaprint.com,Cw5g91cieJ
386,rferrigeap,nbaseggioap@engadget.com,KO4QvczVmlnM
387,sovittsaq,rjoselsonaq@mapquest.com,DLEP0Ux07sDv
388,ayeelesar,cdaensar@alexa.com,dijeHpxY2F
389,mdowallas,ibarusas@blogger.com,Ge7ldE
390,vchevisat,gmcneeat@icio.us,Hs0ZbIDnnJ
391,dwarwickerau,cmcgorleyau@state.gov,XwHWgkIV
392,btukesbyav,akienleav@arstechnica.com,c3FF8Qk6LT
393,kwalkdenaw,fparlotaw@java.com,nL8NbiS1US
394,ehuntingtonax,smalthusax@miitbeian.gov.cn,GVTioiBaKPiq
395,dbrophyay,tworlockay@vinaora.com,O5kgeP6
396,pharnettyaz,chellekeraz@berkeley.edu,bOOFnv6s6RY
397,aclausenthueb0,tcalderb0@thetimes.co.uk,Bpc7Mr8m
398,sbortolottib1,echaropenb1@columbia.edu,m9BSVIoS3Av
399,mschutzeb2,lcribbinb2@hexun.com,QRGBSNGkq2V
400,ctinmouthb3,gbessonb3@netlog.com,drEpj4onH
401,vcuradob4,gprendergrastb4@imageshack.us,KA3qeMtlcF9c
402,froberdsb5,gblackboroughb5@gmpg.org,pxfg4x
403,cmidnerb6,fduigedb6@spotify.com,T8v52dED
404,jfellonab7,nveryanb7@github.com,GrohPw5NaYW
405,ngreenardb8,ntanswellb8@aboutads.info,CrFfrYmxcl
406,abiddwellb9,hstuddardb9@devhub.com,dYJ5GJToZFf
407,lpawelczykba,liwanowskiba@google.com.hk,OJVJAeVYz0
408,jmarchingtonbb,dbrecknockbb@adobe.com,nlHtrZa
409,pterrybc,ktetfordbc@nydailynews.com,rQg6nbji1
410,ccoolbearbd,mcappelbd@hostgator.com,0HDVpdZhTyO
411,flilbournebe,mquartlybe@smh.com.au,qX3rF15pjcX
412,rbrunabf,tangrickbf@desdev.cn,M9UEwCJWvaEx
413,cwyleybg,tstanfieldbg@bing.com,o3vNAWD1ZQlo
414,wmarlenbh,hhinksenbh@joomla.org,SHG288wy
415,bdibbsbi,lhenckebi@smh.com.au,CTdwaEaskzC
416,shaddlestonbj,kbrogionibj@indiegogo.com,ocbh6c
417,tgarritbk,jtrimebk@house.gov,0K4lXpo
418,achettlebl,asuddabybl@zimbio.com,ZuYJcbF0w
419,thenriquetbm,mwadwellbm@miibeian.gov.cn,DuxmlBees
420,ddanielsbn,wkytleybn@gravatar.com,Hsui13M8wxHH
421,mscandwrightbo,lhaselybo@vistaprint.com,LKfgwJO2CH
422,mhanwellbp,mbassombp@soup.io,B5Zj0TB7CU
423,khaineybq,kakenheadbq@google.com.au,7oEELYjGqv
424,clumpkinbr,mlonderbr@phoca.cz,5tyue2
425,wglenbs,jgwalterbs@weebly.com,m9wijt0fMCAe
426,rcarlucciobt,schuckbt@lycos.com,XZXTwAvSl0lp
427,mtrundlebu,mricoaldbu@goo.ne.jp,cHpm63
428,tfirmanbv,bleprovestbv@nps.gov,L2EU55iXn
429,ddemitrisbw,bweeklybw@free.fr,VX6KpwT
430,jmoncktonbx,amccloughenbx@hibu.com,LZ8SDyAsR
431,civanuschkaby,mbreitlerby@netvibes.com,AGHm3m7
432,ccrickmorebz,jmargaretbz@lycos.com,lIcdI39os
433,mthorpec0,apimblettc0@unicef.org,4gcKXfpkqy
434,eharvisonc1,sluthwoodc1@newyorker.com,l7EQaQtjQg
435,cbarnhamc2,kocuddiec2@soundcloud.com,oatQd1
436,dolinc3,rosheac3@gov.uk,Mik3I6n
437,agottelierc4,hbernadotc4@imgur.com,WE4MN52rO5z
438,dlorenzoc5,whannamc5@so-net.ne.jp,rjdQeBBw0ey
439,dmcgeacheyc6,mdobrowolnyc6@i2i.jp,DjyNGOQ
440,caddiec7,ggourleyc7@i2i.jp,UuEws2tNd6
441,pharlettc8,mavrasinc8@miitbeian.gov.cn,MmouwqXGh
442,dpandiec9,arosinic9@independent.co.uk,7frqLo
443,bgreasonca,aladburyca@vistaprint.com,xG0h2M
444,rpancoastcb,bpayliecb@exblog.jp,uwEiQDVVAX
445,msquirrelcc,shannafordcc@oakley.com,iYtqnqPuG2
446,fautencd,tbuxseycd@patch.com,04WWp87twhe4
447,jshobrookce,ltommeice@eepurl.com,6Oafl77v7W
448,shawkescf,jamoscf@1und1.de,b8faxx36VE
449,rhuwscg,wforseycg@intel.com,0c4wUa
450,gbockench,wranklinch@livejournal.com,Rumra6wdgSBU
451,elyvenci,klortzci@sakura.ne.jp,RcC1kUCZ9u0D
452,srobbingscj,bwindybankcj@upenn.edu,cKxze77
453,pmacdougallck,bdargavelck@last.fm,l6KFZy2IJCu
454,jewercl,lmckellercl@google.com.br,CbKK1ryijVi
455,dhallstonecm,teckfordcm@ted.com,mXPicVX
456,mclayalcn,kwylemancn@cnet.com,XhSlKBAIpWV
457,twiddallco,rlowingco@delicious.com,AjWA6L
458,aorancp,metchellcp@163.com,P8yaAwM
459,ekobieracq,cfridayecq@istockphoto.com,i1bPYeKr7T
460,dhalwoodcr,rlakecr@people.com.cn,hiADlLi
461,tgheeorghiecs,alaurenscs@topsy.com,SE1doMOIUD
462,gleckenbyct,rcastagnierct@berkeley.edu,vuBRqfF
463,ibasoncu,jshacklecu@redcross.org,PSYc0GLJr
464,menrigocv,cotterycv@technorati.com,hhHiAb
465,gcodicw,lalticw@jigsy.com,NDb4nZQewr
466,apeskincx,ibimsoncx@diigo.com,TyniKH49
467,wkarlecy,lrookcy@state.gov,qUB55MPnk
468,boxxcz,tmullencz@phpbb.com,7RD7J8Z6BiQ7
469,emeaded0,lwhittond0@techcrunch.com,5WmSiNn3
470,tkubasd1,dguidod1@nbcnews.com,n0iI7xf
471,tmathevond2,yeglingtond2@4shared.com,vJAMgtrf
472,ctrudgiond3,mbovairdd3@nhs.uk,15Yp3d
473,cgeertzd4,treicheltd4@amazon.de,5hQRYa
474,jmaclured5,nsprulesd5@parallels.com,e8mnNXQbV
475,agribbled6,sgaytherd6@marketwatch.com,WNnjyK
476,tconneelyd7,hmilvertond7@friendfeed.com,HCa4XqX
477,lmatteinid8,pjarvilled8@privacy.gov.au,xMjNO1OxwrGn
478,mogeneayd9,mundyd9@slideshare.net,dhT7bklOQRRg
479,tcrohanda,lheakeyda@elegantthemes.com,XA2DfENKc
480,jcollcuttdb,haberdalgydb@bluehost.com,wLFo8ZO
481,nspurriardc,spappidc@ucsd.edu,wNojnX999G
482,hrommedd,pdriussidd@va.gov,tKp6Eb0jf9
483,mlefeverde,owordesworthde@umn.edu,7v210x
484,mvangiffendf,cstredderdf@furl.net,Yvmb4sLJV
485,bpaschkedg,wwinstondg@smh.com.au,fjOM3pozTTRh
486,tbellwooddh,psholldh@is.gd,twOUiy1jDLo
487,cbeldersondi,vmcclearydi@naver.com,lgLfMBABOd
488,rfairbridgedj,coniondj@cdbaby.com,VBxImKAKa
489,gtumasiandk,ngiroldodk@vistaprint.com,QYcTgKDa6E
490,cbuddledl,rmuellerdl@sourceforge.net,osFousXjN92v
491,smccloydm,rklawidm@accuweather.com,O1c0V7p
492,mbickerdickedn,jkleinhausendn@cisco.com,zqeasodo
493,mpakemando,jbircherdo@discuz.net,fhugFocXAE
494,lbartolettidp,mciccidp@dailymotion.com,KQ04x8VhlD
495,fbenckdq,lpulverdq@sakura.ne.jp,kBa6ji
496,spostansdr,gpurpledr@woothemes.com,EIY6esB5m
497,fdecroixds,mhannabussds@paypal.com,dp9HWm
498,kmaxwailedt,cstranierodt@nature.com,UljQqn
499,vmacgarritydu,iloadwickdu@bluehost.com,c6HR8vyw6g
500,sboreldv,hgirathsdv@google.nl,A4f9nhzx
501,dbrailsforddw,gseabertdw@free.fr,eQXgEAfpFhP
502,jklimekdx,sgiovannettidx@oaic.gov.au,XBCBJ3IT3EPC
503,jdunbabindy,gwakehamdy@trellian.com,naFQcayjfQUJ
504,tnaveindz,esoamedz@geocities.com,gnlbKd
505,ckerrode0,smcknockitere0@networkadvertising.org,VL3gA954
506,nrobothame1,sperronee1@parallels.com,zBTKxPlRY
507,ashaperae2,eallbute2@mlb.com,L3ldI2kg
508,rbosticke3,ufilippove3@guardian.co.uk,UOSoNza
509,eodunneene4,cadnamse4@mozilla.org,mhUUH0gw
510,dtinghille5,jduftone5@china.com.cn,pIwVw1gpF3iA
511,kwigginse6,sduffriee6@timesonline.co.uk,GLc8OjU
512,mthomasone7,obelshawe7@pinterest.com,t9VwFK6x
513,csenussie8,btownbye8@tmall.com,CBLc2quy
514,snearse9,jlavillee9@house.gov,I8SFLq
515,mbroadea,rmehewea@mayoclinic.com,sfpKLoM44Zm
516,dsuffeb,qgodiereb@a8.net,v4UsadRtB8y
517,rdudgeonec,chawksbyec@auda.org.au,lVLYEf
518,ocressinghamed,srofeed@deliciousdays.com,EH3rhVZrR
519,jcheineee,isleepee@tiny.cc,rzUWsRgYdk
520,adriuzzief,cwitchardef@ustream.tv,0ZZ7m39
521,dchadburneg,oprendevilleeg@hibu.com,irkOTLk7d
522,czanicchieh,sosullivaneh@addthis.com,zWlZGEUoSL
523,ekleinbaumei,othornbarrowei@state.tx.us,asycqXo
524,talbrechtej,bslimanej@wired.com,Q8AjVFys4
525,pderyebarrettek,kglasebrookek@skype.com,gFdQrIFVX
526,rlinesel,aroulstonel@multiply.com,2AEb086ZZ5
527,bsummerellem,hwigzellem@admin.ch,cywWfQ1N
528,lsambathen,tsheronen@vistaprint.com,4rLLRTcJ
529,ubuckenhilleo,bsheweo@cloudflare.com,rOf4yKVm2Skv
530,kmcvieep,ebranchettep@sciencedaily.com,GZiPGya1Jf
531,mrawsthorneeq,smadleeq@privacy.gov.au,zJCplh
532,grouseler,ecombener@xrea.com,77jM20XEz
533,morgilles,hkerslakees@virginia.edu,mlf6Gv4
534,jorridgeet,rennewet@twitter.com,ajmWPOBLV
535,hmcfaddeneu,fbelvineu@hubpages.com,owAKyO
536,ablazynskiev,llanmeidev@tmall.com,zJa8qOCa
537,fmcasgillew,sernkeew@ed.gov,bNonVmYVO
538,eportailex,sdukesburyex@ed.gov,tYW20rTCrH
539,ebarbeey,tgrubeyey@usda.gov,0wL0Lpoq54C
540,lstuddez,bdymockeez@cnn.com,M00i6v
541,cferreirof0,bbrogionif0@google.com.au,cE5iG8
542,ltiptaftf1,igauchf1@cbsnews.com,bLsIDW1GZ
543,imckelveyf2,bplacidof2@usnews.com,MJY5x02y9V
544,mvischif3,avertiganf3@shareasale.com,Hd29de9
545,wjirif4,barnoppf4@shareasale.com,0edsmY
546,kaingerf5,bhackleyf5@umich.edu,RcdOEQwjWi
547,pickovicf6,jjaanf6@tinyurl.com,1RwttPQIq
548,mpippingf7,ecartwrightf7@ucoz.ru,nWYHhfswl
549,jliffeyf8,ebrenstonf8@latimes.com,HFKwrZSU8
550,bdemangef9,dstedsonf9@seattletimes.com,IvIVXkxvSOUl
551,crickettsfa,cbastistinifa@php.net,pOl3Wh1J
552,adockrayfb,boliveyfb@imageshack.us,wZuajAVolhh
553,mpenhaligonfc,hbaystonfc@yellowbook.com,T6lUMoHks
554,jcolafatefd,sduinkerkfd@fc2.com,smTy3A5
555,rlearnedfe,candrissfe@hibu.com,7xKu8OM8spSl
556,namossff,ssimmellff@hud.gov,wtcG6hrFNjoZ
557,gstuehmeyerfg,slydsterfg@amazon.co.jp,hIDU9m
558,wshurvillefh,npischofffh@google.co.jp,M66HGB
559,wtuckettfi,tedgarfi@dion.ne.jp,awhwxI09rM
560,mnollethfj,cenrricofj@salon.com,WzqVEEf84
561,abishopfk,astenhousefk@deviantart.com,yIXQjTMeN1h7
562,hpeterafl,ideelyfl@4shared.com,INLns9
563,gsutclifffm,astiegarfm@baidu.com,dlPKIpMMHVi7
564,cfishbiefn,ajanosevicfn@seesaa.net,QsrTSgC
565,atabourinfo,jpoggfo@opera.com,Bk0UPwvZZKG5
566,lkalkhovenfp,vbrufffp@so-net.ne.jp,WoqmUYhyj
567,rmathwenfq,abencherfq@microsoft.com,7XpwtnPCF
568,pheersemafr,icriginfr@foxnews.com,ttxOxIC2f
569,jpickthornefs,hbaumfs@merriam-webster.com,Wq8GMkl
570,jcunningtonft,amutterft@phoca.cz,JGVEkru
571,smongerfu,fhawsbyfu@webs.com,HW7Qg8RTGpeE
572,wbatecokfv,fbothramfv@4shared.com,yS7tcrw
573,bbradnockefw,ahalloranfw@ft.com,bSmib9HOEqp
574,ebenjafieldfx,gpilfoldfx@timesonline.co.uk,jkxRIAv
575,eidellfy,mborleyfy@marriott.com,VYUClxoLxx
576,gcoskerfz,lbowlandsfz@indiegogo.com,sDZMdnLYS
577,cwintringhamg0,agoldhawkg0@huffingtonpost.com,V0E1kpSEnF8N
578,cmousdallg1,lmernerg1@elpais.com,s3e3vBtYjZ
579,mparellg2,mallottg2@tinypic.com,JguDmTM
580,cmcgaffeyg3,hrudmang3@creativecommons.org,b8NmIb5YE
581,ityddg4,agiorginig4@diigo.com,ppyChpiC
582,ereihmg5,bbarrottg5@redcross.org,q6be7u
583,hkreuzerg6,mdickeyg6@ox.ac.uk,zSdoflao
584,salredg7,kbiggadykeg7@slate.com,2dToXsgvA
585,ereadettg8,mvreedeg8@fema.gov,L0bgmfmb
586,gheveyg9,cbrounsellg9@google.com.hk,dGoPbCFRSUMa
587,bfedorskiga,scattlowga@businesswire.com,1S5Q63Ui
588,adinseygb,cbartolgb@weebly.com,9PILo9
589,squiniongc,mknappettgc@qq.com,mth5Lf
590,ddobrowolskigd,cvaughanhughesgd@businessinsider.com,Zjyhwrs
591,lbutterworthge,lulrikge@paginegialle.it,kPEXz654
592,cvittelgf,dnorgangf@upenn.edu,aKfNAbqS90
593,mhairsgg,lduxburygg@reuters.com,JuTzHL
594,jcurchergh,fsandlegh@google.com,M8CdGanlq
595,dfeachamgi,brobinetgi@sogou.com,fd2QmscCd6u
596,vfiddemangj,ffurygj@zimbio.com,QamhP80GUk
597,ccarnalangk,lthoulessgk@whitehouse.gov,j3WvUBLT7I
598,srappergl,gstanneygl@flickr.com,7ava2CL9mB
599,afrapegm,mbeanygm@google.co.jp,CPlp1Dth2Fm
600,hedgingn,cmourantgn@goo.ne.jp,Wq2g8lXKiIW
601,jcawkillgo,aarmatysgo@fotki.com,0DgPJIga
602,ccohngp,laujouanetgp@psu.edu,18JMca
603,cschniedergq,sduhiggq@facebook.com,DfglxEEZ
604,arankmoregr,dnewtongr@goodreads.com,Ox88CasUnbl
605,asmorthitgs,shewinsgs@google.co.uk,TePmdWdZwsyx
606,rtrevaskusgt,aderksgt@feedburner.com,xBureim4PUWg
607,ikilngu,agordengu@engadget.com,uNvTzssVR1GM
608,krosagv,athamegv@slate.com,pfHNKspOWdzU
609,bsogggw,kanwellgw@live.com,q58Yjfna
610,cgabbitusgx,sferreligx@nytimes.com,tyBvhkDU
611,alambiegy,mflannegy@scribd.com,q5HrzY3
612,rtrownsongz,dstookegz@multiply.com,VluyBhOar
613,wjochensh0,sgapperh0@gravatar.com,Et51D7k
614,sdavydenkoh1,ggodlontonh1@tripod.com,H32WaP4nA
615,rbeamissh2,ksindenh2@godaddy.com,2nRxbw
616,jmanganh3,lgumbleyh3@mediafire.com,ZFIligbtSzJ
617,egatchellh4,dburtenshawh4@tmall.com,PFd3krPyNe8w
618,ckiehnlth5,mmorgonh5@nyu.edu,99fCn5vBe
619,egoburnh6,cunderhillh6@360.cn,U1PHSkSyp
620,swashtellh7,gbrandinoh7@dell.com,dxICDc1
621,jbakewellh8,btwedeh8@aol.com,2TGATew99w
622,afromonth9,dalelsandrowiczh9@marriott.com,J21jj4Rb
623,rdegoweha,bfarranceha@mapquest.com,eGZinBPO
624,nbinnshb,hedgsonhb@uiuc.edu,S83g87O2F0
625,gstquintinhc,gblaaschhc@about.com,rKys1qH
626,ctutehd,bchadwickhd@hostgator.com,LfVKTo
627,bvakhrushevhe,gmatteauhe@slashdot.org,v55q8F
628,sstentifordhf,mhowcrofthf@reuters.com,O0oAwxa
629,bseawrighthg,koloughlinhg@army.mil,25UDRc
630,rdallinderhh,fkerwenhh@huffingtonpost.com,7x3XfoSIlO
631,hburneshi,mlamperthi@biblegateway.com,yZxaHjUS
632,cshrubshallhj,cgodwynhj@hud.gov,GdqTgSsTtq
633,vtunniclissehk,baggotthk@springer.com,DKascmp
634,fsoulehl,gbecarrahl@google.com,kMgZS8BfWB
635,hcopelandhm,cdudeniehm@creativecommons.org,XEKCOB
636,bmccawhn,rdidomenicohn@shinystat.com,5S5hMo69D77Z
637,bkiernanho,tpheaseyho@engadget.com,EYjwNJ1
638,kmorrellhp,aiskowitzhp@boston.com,1F5nDiUNgK
639,gmatheweshq,cbromilowhq@yahoo.co.jp,zySzI2gvN
640,aberthodhr,dcooringtonhr@tuttocitta.it,65RFL02
641,vfretwellhs,gnorganhs@imageshack.us,Xozn9ZZhR
642,akimminsht,bivashinnikovht@ask.com,vw7xpw5C4k
643,cwoolfordhu,dbartleshu@fastcompany.com,Ut9O8My
644,aoharahv,lorrillhv@youtu.be,7SxQa5zYi
645,aattochw,tannieshw@jugem.jp,LqGobEMvi5
646,bhorstedhx,htoplinghx@aol.com,lnSj7kT
647,estellinohy,eairetonhy@icio.us,QM7BJd2ZO
648,etowsehz,nconyershz@twitpic.com,oK4M46AMPlS
649,jhatchelli0,sdullinghami0@eventbrite.com,O5LaB8VZF
650,kkrishtopaittisi1,ftipplei1@sitemeter.com,EPmQCb
651,eglanesteri2,cadrieni2@cbc.ca,aSfDGw7y4Cio
652,ebrettori3,mlogesi3@ning.com,B6WRv36oy
653,agantleyi4,ljorioi4@seattletimes.com,yPgN3Ciwj0
654,kmatthewi5,oheimsi5@cisco.com,WQmyuoOGp5l
655,eferrottii6,cduttoni6@addtoany.com,7joj6tjcTG
656,lruppertzi7,swimmsi7@ifeng.com,5FfeKJfVCz3
657,rpenlingtoni8,tciannii8@joomla.org,UcFpER
658,arusti9,tharfordi9@jalbum.net,Vz1HAdPbUB
659,vhoultia,rbasleyia@pcworld.com,aQ0lruxPtkky
660,kayresib,ssanneyib@liveinternet.ru,noxvyq
661,hchaddockic,hgreenoic@shop-pro.jp,i34ZOVqxSCv
662,jhallasid,orameletid@tumblr.com,0yjZ36
663,chatonie,dcastagneie@independent.co.uk,AuZrtg
664,lpietzkerif,hfieldstoneif@elegantthemes.com,Wq08eOH6PAW
665,edienesig,ctournerig@instagram.com,ICWaGF
666,mwakefieldih,fdolleih@histats.com,ZrKAWGWpHg
667,apawlikii,ddeluceii@wix.com,kX4RMN
668,fmaulinij,kpitthamij@naver.com,HRghkIaV2
669,dtebbettik,sdunkerleyik@yale.edu,oCxRDGUrWuhP
670,cgrigsil,ghansodil@networksolutions.com,FkTEmXK
671,cconfaitim,rmacascaidhim@yandex.ru,RjeUfzZV85dC
672,kkeareyin,cchaineyin@dedecms.com,BXbLK3k
673,tfenningio,blessmareio@uol.com.br,FqK1o7v
674,doholleganip,apothburyip@ucsd.edu,KiIh71tVo
675,elebosseiq,cabrahamianiq@ed.gov,8c7n5skt
676,bsallierir,agamlenir@state.tx.us,ghaWdG
677,fpoeis,melwoodis@g.co,44PUwT
678,arammeit,sbortolozziit@blogger.com,WEi6IjYU0TL
679,tshadrachiu,dhalliu@skyrock.com,H88pip54EFz
680,dbeineiv,mdowngateiv@amazon.de,TFeyzXlto
681,kfoldiw,ctoraldiw@hexun.com,ykUxMkf
682,vtyeix,bcawsix@weebly.com,FN7tpqBNH
683,tfidianiy,cmewhirteriy@jalbum.net,IpUdzVjvu
684,cmckinstryiz,dpatienceiz@boston.com,FjtAsOuBq
685,vpezeyj0,mmoorfieldj0@w3.org,iFQOAcc
686,fdavidovicj1,bfenimorej1@photobucket.com,Q2RLbdF
687,bkisbeej2,cruddinj2@umich.edu,Uxz2yUZmaWhe
688,csimisterj3,tyuryevj3@cyberchimps.com,NwJuhmm
689,vdownagej4,gkayleyj4@bigcartel.com,Fy0qUwyDrUx
690,gkmentj5,rsaleryj5@cdbaby.com,qXWfELWgAK
691,ebarrassej6,hcowerdj6@upenn.edu,iNbJE25q
692,gpetruskevichj7,dpenhallurickj7@wisc.edu,yUv1RINXX0Mi
693,eeliasenj8,lduckhousej8@printfriendly.com,IMAlMkINXs
694,athursfieldj9,jyakubovichj9@sciencedirect.com,oGribAM8tGX
695,ltavenerja,swyperja@blinklist.com,Vxrj9Pk0NGk9
696,chabbemajb,ccorkelljb@mac.com,WTm7GcBFOpg
697,mkalbjc,mcasserlyjc@typepad.com,0xhwTp
698,eshernockjd,schivralljd@imageshack.us,3wDilD
699,rdiamentje,bcarlessje@amazon.com,3RZ6Ttqqu
700,mtilsonjf,dduerdenjf@issuu.com,XIgqgIi0YQ
701,phaskinsjg,dloughnanjg@list-manage.com,6xOOirioA
702,scabrerjh,smcgreyjh@cornell.edu,8RC5V8C
703,ameridaji,egrayleyji@indiegogo.com,8Mp5FL4C22
704,dpattendenjj,mmcfadyenjj@smugmug.com,DI2ubJ0Zn
705,acromlyjk,aburnupjk@wordpress.org,97AjQAQ
706,rsyphasjl,sgrgicjl@bravesites.com,InduTIC59XfR
707,rshinnerjm,osorreljm@chronoengine.com,vRNCeQM
708,coswickjn,bswinjn@google.pl,tszx2q4h9b
709,rantcliffejo,mlerwayjo@accuweather.com,Dzk8pg
710,lburrowjp,pmuddicliffejp@wired.com,5S3WwLJxj
711,tcappsjq,dmagorjq@zimbio.com,yJp5EGHGlf
712,chennemannjr,mweatherburnjr@indiatimes.com,XOMN8X
713,bbourdeljs,pmcclunejs@smh.com.au,3ZpfHRzi6cos
714,otweddelljt,cthewlisjt@imgur.com,2yaKyJ5qQhaQ
715,dconwsju,llowtherju@geocities.com,paCRzHRSFQO
716,alawfuljv,kbeginjv@xing.com,IwrAgPsN
717,lwooffittjw,aobispojw@yolasite.com,GRXR80P2
718,cerdesjx,lwoofjx@theglobeandmail.com,404sPyBJ9
719,bpiggfordjy,bhayhowjy@dropbox.com,89HhlriGB
720,wredbournjz,kziemkejz@icq.com,Y5Ev5DkJ
721,tjakemank0,erayek0@biglobe.ne.jp,61n011
722,ndenisyukk1,brozzellk1@i2i.jp,WdRGVXuHY4P9
723,ggennk2,achampkenk2@devhub.com,k0qC8M2C
724,uwhilek3,mkeesmank3@prlog.org,5ynyp1
725,ksimonotk4,bcurnuckek4@deviantart.com,gvJ8P669Ya
726,tkornousekk5,cbroodesk5@geocities.jp,kZ70ve
727,tspurnierk6,bhardeyk6@slate.com,FwTeYw
728,vburelk7,dcuradok7@163.com,Ny2mrD
729,bsaintepaulk8,nclawsleyk8@fastcompany.com,usi1gT
730,rhawkesk9,efryerk9@ocn.ne.jp,YB1COjK
731,jforsbeyka,aepdellka@123-reg.co.uk,g2rKPo2N
732,cpickinkb,smattheweskb@clickbank.net,ZT4X6pEJkjhr
733,alindenbaumkc,vlorainekc@zdnet.com,51GmQafVDD
734,adayshkd,csweetzerkd@feedburner.com,kTOKBmLUI
735,tcampbelldunlopke,mburryke@tiny.cc,DD3kX0j7UaPh
736,mgiannonikf,cnorawaykf@unc.edu,tvTVFIbZM
737,mglowachakg,bgambellkg@vistaprint.com,xfEgJvj
738,dvangeffenkh,ceeleskh@ibm.com,hYHlqB
739,jscahillki,amcgarvaki@toplist.cz,NZZVIV
740,ritzkovskykj,gdrakekj@dagondesign.com,Am1Q35Z
741,scrossfieldkk,klammerichkk@rakuten.co.jp,xk55IO
742,mgotchkl,pbloomfieldkl@altervista.org,UcjAvTDN
743,lkalinkekm,wpadillakm@wisc.edu,oc9E02bqsbrt
744,mdillestonkn,tmurrkn@cyberchimps.com,eoRc0IWYgRo
745,nyewdallko,kbadamko@fastcompany.com,n7MmVF
746,cmixterkp,cporrettkp@furl.net,ng8TTNI
747,nseagokq,cpetherkq@hubpages.com,SvZbxR9sc
748,tbuxeykr,wdutchkr@tamu.edu,0bHzrUyLkYJV
749,jjobernks,kcraggks@nifty.com,02KKjx3nLQXZ
750,gferraresikt,htattookt@webs.com,L0W3dF0dWr67
751,dpeakerku,mturbayneku@blogspot.com,KNMELK
752,teighteenkv,bcurrumkv@feedburner.com,G9Chz78j0aIt
753,boggkw,rmorigankw@cbc.ca,iG2UdMN
754,bwalterskx,idorgonkx@scribd.com,P3XKdhlr1
755,zribeiroky,sbuieky@taobao.com,LuCS5ODP
756,csmeadkz,acockrenkz@mozilla.com,FQmgRIc4
757,agardenerl0,jmcwatersl0@artisteer.com,L4qRbK4m3nXg
758,fquantl1,bmccuddenl1@yelp.com,lzNANd0ilUGG
759,ggundreyl2,pcantil2@artisteer.com,pXAS1J
760,sparrisl3,fconahyl3@vinaora.com,YDAcO3v6
761,bbarstowl4,robrianl4@mashable.com,24w9g8
762,egerretsl5,hfaustinl5@wikipedia.org,vGqXsmjcHi1
763,smccarverl6,ewhewilll6@weebly.com,6Scfft
764,ktanfieldl7,tsmaill7@posterous.com,gy0hk3QN86CJ
765,cwankell8,kdallinderl8@microsoft.com,c0aOgWfr
766,akenninghaml9,jcruwysl9@npr.org,MhzZ0hJeQY
767,lkrautla,bwytchardla@indiegogo.com,zeOPxDqjHm7
768,khelmkelb,kandrenlb@storify.com,iZgT6N5Aj
769,ssounesslc,jgoodalc@4shared.com,yf3X30x0IC
770,jmartinsonld,hcasottild@sfgate.com,oucOx1
771,ebartosle,rcoddringtonle@abc.net.au,95ApQXaMNfh
772,clamaslf,vclowneylf@mail.ru,a9mK0BHw
773,acotelg,tploughwrightlg@wp.com,0XMXXsQYwy
774,mfrenschlh,lhavilelh@nature.com,afuvZPtHuPcb
775,cwaycottli,rtottonli@purevolume.com,EkivyIjmh
776,qberntssonlj,clukacslj@nydailynews.com,tVKHaZ2JOan
777,dwhaymandlk,jshillingfordlk@usgs.gov,OXpZOWgu
778,cgrestiell,jtolleyll@independent.co.uk,1uGIpMS
779,mlagolm,mstutherlm@discovery.com,qQp7YO
780,wtedridgeln,ikenwortheyln@walmart.com,MPYE0NkfBpJ
781,mtrenamlo,egoundsylo@webmd.com,6Mrvo4wox
782,jmcgahylp,jboltelp@webs.com,wuYMfJz10
783,dallainlq,mbaudonelq@dailymail.co.uk,ZNsvef4
784,lbaumfordlr,arocheslr@cnet.com,k6MGJ5jb
785,awelchls,asleitls@shareasale.com,LsO9Fv0R57
786,tfrisellt,dfreelandlt@de.vu,gvH2eLV764
787,pgoldenlu,gluntlu@clickbank.net,jFvUTesJbKrB
788,cstoltinglv,efaircleylv@nifty.com,VekLzJ54y4
789,pgrindlaylw,ncollumlw@youku.com,ccHO5rsKgmM
790,cikinslx,kmoretlx@xinhuanet.com,cLBMc00
791,tbakeuply,imeasorly@constantcontact.com,7sIAq4yhe1q
792,jscoginlz,lserjeantlz@dion.ne.jp,lLEtuDEN5
793,mowbrickm0,draouxm0@linkedin.com,gI8K3J
794,dkenwardm1,kphrippm1@hatena.ne.jp,cpwvbxwoi
795,mjeandelm2,nzannelim2@nsw.gov.au,6nhBelHYJwj
796,ssycem3,srenvoisem3@tuttocitta.it,T8q8oBWsble
797,cvaughtenm4,ewatlingm4@upenn.edu,x9nODmrUjR
798,rmacturloughm5,bballaym5@netscape.com,aCOV1zg
799,lepgravem6,bholhousem6@prnewswire.com,WRBNyF
800,jstandagem7,kalfordem7@merriam-webster.com,QZus3Ttt
801,dadamem8,pspiringm8@nytimes.com,q4fwRe
802,ireddinm9,cgippm9@pinterest.com,fDmqGViSN
803,dfaughnyma,lridema@youku.com,RH3Awl2uUqP
804,cmcgilvarymb,jmcginlaymb@hhs.gov,9f19zZxi18
805,dbarringermc,hgreavesmc@wordpress.com,56tGyPURSnKU
806,rmeliormd,rsivetermd@mozilla.com,n4AlpOkY
807,rolubyme,rtippettme@nih.gov,2GM7ZVGb4D
808,ldodshunmf,aletterickmf@google.it,f1rwcc8y1A
809,ncowthardmg,classeymg@state.tx.us,BmEPMa
810,cbrauntermh,sallchinmh@pagesperso-orange.fr,qxdzdjTh
811,oarletmi,ailyasovmi@yolasite.com,OTakSSGS
812,mliddenmj,jsparwellmj@wikia.com,BscHP4
813,kthomtonmk,ismardonmk@theatlantic.com,mOm5MrkWEza
814,rromanelliml,cpiddletownml@miitbeian.gov.cn,LKbf983O3U3
815,ericardetmm,cyieldingmm@dropbox.com,tdju2L
816,dromanetmn,wkileymn@theglobeandmail.com,wCnv0wjrVCm
817,dcowderoymo,ashurrocksmo@si.edu,KgW2PcjDSgkq
818,wdonnemp,kmcdiarmidmp@istockphoto.com,GrOmPsi
819,crosnaumq,cgeillmq@deviantart.com,EwDJ4N5p5
820,rcolesmr,wauchterloniemr@about.com,nO388TLi
821,livashintsovms,glittlekitms@answers.com,C074QGVgO
822,svalancemt,rfossittmt@friendfeed.com,GxQG8uAlfCuB
823,ccastellimu,mwodhammu@xing.com,liv1wnV
824,kfirbanksmv,amerguemv@twitpic.com,aC0J18ktE1GH
825,cgoomsmw,jgovinlockmw@dailymotion.com,LAJcnDj1
826,ntrevenumx,bchastermx@fotki.com,m3aL1U2X
827,oellerbeckmy,ltolertonmy@soup.io,IN6jJ87Y9c7N
828,efearneymz,rmcadammz@yellowpages.com,mgUBokSRc0
829,mmeaden0,imacklamn0@homestead.com,Ge4dCzoj2oVL
830,friddickn1,bmathevonn1@deviantart.com,a60epB
831,kpersittn2,lschulkenn2@myspace.com,cS6c8wVI5bt
832,hlattyn3,lbeaumentn3@canalblog.com,8e9HJNJ
833,tshaweln4,zcanadasn4@usgs.gov,5MyiV334Oo0p
834,enewen5,wmacgillivrien5@vimeo.com,JoY4Yj
835,mhattamn6,asiveyern6@homestead.com,PkOtmAY2YT
836,rgatheraln7,aaylwinn7@amazon.com,RZMphGCXnigC
837,dhardagen8,zpaddyn8@telegraph.co.uk,iilx7owv
838,mkilleleyn9,achillcotn9@kickstarter.com,KTBwA6
839,vlamkinna,jtittershillna@desdev.cn,ZpEK6eLv
840,dloblienb,jvaudinnb@networkadvertising.org,PywH34ctII
841,rgiurionc,ckneeshanc@flickr.com,Gfm1oFuKT
842,pawinnd,squarringtonnd@engadget.com,meTR7m4I
843,uchiddyne,prustidgene@symantec.com,Wy44bzetUajs
844,awinsladenf,baulsfordnf@weebly.com,KmDDrju
845,ashoneng,blahiveng@archive.org,p2KeOlH
846,dlarkworthynh,rpinyonnh@hud.gov,Zfn68KKf
847,gfippni,ccarrattni@statcounter.com,GsSIDV3RG
848,bheretynj,spickwellnj@aol.com,L8EwQC
849,bgitthousenk,easpreynk@adobe.com,tXOURMfO
850,nromagnosinl,jarbuckelnl@moonfruit.com,pMAMYANMI
851,chammernm,jbrownsmithnm@jimdo.com,KPPFlmSTR0
852,edaethnn,wbaternn@aol.com,cIicqQFQUpvd
853,bneylonno,kcowdrayno@instagram.com,7EZFn9
854,jreagannp,wchazelasnp@omniture.com,APwpzH2jX0
855,ebradenq,dboundnq@theatlantic.com,SwMoLl
856,vluckhurstnr,pparlettnr@independent.co.uk,trX3rB
857,lwarcupns,apillerns@netlog.com,2GR5GY02Nuk
858,mliverseegent,ltringnt@accuweather.com,zRJhSiWOBUhc
859,hmorlingnu,zeickenu@free.fr,m0psXA
860,abruinsnv,htribellnv@economist.com,ilBFZnlu
861,pcordlenw,dsquirrelnw@addtoany.com,cRgK0mI
862,abeevensnx,npepallnx@canalblog.com,gwTwwhUjh3
863,handreacciny,eburtonny@marriott.com,zStXRoKar
864,vhedditchnz,rgwylltnz@phoca.cz,rCU3LBh1R
865,cbiasottio0,abonnetteo0@shutterfly.com,YDcHrzei6J
866,vmccamisho1,mspurgeo1@sourceforge.net,CkUxcFB64
867,rfalknero2,lduplano2@ning.com,a66whNx0k3FE
868,ngillaspyo3,jjouannino3@icq.com,Wb5DPmPyQw
869,nlenehamo4,balthropeo4@bbc.co.uk,xPeXPr
870,tmenendeso5,rdaringtono5@yahoo.co.jp,50gWd5
871,ckippingo6,agodleeo6@i2i.jp,QsrAyVyhxQ7
872,kmcgillivrayo7,amurrisono7@who.int,kfmJac1hrv
873,khanrotto8,aschuelckeo8@redcross.org,6bm3ZtBc
874,etidburyo9,hsummerleeo9@spotify.com,gZjpRiwC
875,cectoroa,jtorricellaoa@imageshack.us,TlrMezT
876,cescottob,ugrigorob@forbes.com,ureiWd4ZC
877,vjosipovicoc,tdugaldoc@xing.com,N6xVlK
878,kfiskeod,aolenechanod@china.com.cn,bGgHUFl
879,jbeggsoe,bfideleoe@tuttocitta.it,xrFmbABG
880,nzavattieriof,cmackeanof@springer.com,VlJMKx5A
881,lreasonog,clintotog@prlog.org,uAST07yCCKF
882,aseymarkoh,dwisedaleoh@forbes.com,GLB5mT9
883,dsealyoi,jjanmanoi@fema.gov,m6ZFcsaW5
884,smorralloj,oteazoj@behance.net,uY99BpAu
885,lphilpaultok,rjuzaok@sina.com.cn,lug7W0
886,ppuigol,apitherickol@zdnet.com,ZwCjph0VUYuj
887,jhedneyom,aleeburneom@amazon.de,Sj7l4bb
888,mwilletson,bmethuenon@hugedomains.com,DN9tghEX2t
889,qbwyeoo,nplowsoo@delicious.com,zaD9ts
890,nkannop,mwoolgerop@economist.com,OCfZLpPg
891,nsketchoq,hlankesteroq@hexun.com,3eQgTxiwce
892,lgiacobilioor,dlaityor@wikimedia.org,4aB9aja
893,hcraikeros,kphilipsos@e-recht24.de,LfybeH
894,jdiableot,aitschakovot@nih.gov,KenUckpfW1
895,ebadsworthou,sjoannetou@harvard.edu,fnRmI8W
896,cyousonov,csloyanov@topsy.com,9QtVNdjs
897,msoperow,jlyddyardow@ebay.co.uk,6o7AmkRui
898,ddriuttiox,cryhorovichox@nifty.com,m10jT1E3yJS
899,aissacoy,wgerritzenoy@technorati.com,3OO20Wnee
900,alyteoz,emunganoz@meetup.com,rRRHtdk
901,fcallfp0,gandrusyakp0@hc360.com,6PsyH5o
902,aextancep1,bbarkesp1@hao123.com,Tfe0Epr9cF
903,aespinoyp2,zbagshawp2@google.co.jp,PVeU7H
904,akrolakp3,mmacintyrep3@51.la,RDLQsA
905,ccorainp4,edavidaip4@facebook.com,4o2Yerxhf6YU
906,edurtnalp5,btriebnerp5@vimeo.com,PJ8rF7FUqTy2
907,rchantp6,gmeekingp6@opera.com,II2j1ys5HQ9
908,smacgrayp7,clabbp7@chicagotribune.com,Tz60vEeUH3dQ
909,rvoicep8,ibannp8@phpbb.com,klU5bfiw
910,gbeckwithp9,ncresserp9@apache.org,YD67QT
911,polekhovpa,herrichipa@gizmodo.com,gUyOmVV
912,umatejovskypb,bthomsenpb@state.gov,1CsIIS
913,dselmanpc,kmeriotpc@cam.ac.uk,VFe6BtlqRJ
914,eredfieldpd,credsullpd@oaic.gov.au,kpSeml5Zsl
915,abrashpe,wsearbype@wordpress.com,27FHAUnYq5C
916,afennypf,gbalintpf@google.pl,Ap0fXnTz
917,gboxhillpg,awinkellpg@dmoz.org,vwPXnoG21V
918,tburreeph,bsellyph@soundcloud.com,jWtITGcH
919,agarrodpi,soliveypi@scientificamerican.com,hy2VUyS9caW
920,rmattschaspj,pneilandspj@marriott.com,28Y1nKACI
921,fhairepk,rheamspk@cbslocal.com,rbSaDV
922,slorencepl,wstallibrasspl@blogger.com,PmyVAy0r
923,ddoxseypm,rshernockpm@phpbb.com,llg4EKoSzIm
924,tquinpn,slohanpn@businesswire.com,EPp7AbjXuT
925,mpiatkowskipo,alomasnypo@issuu.com,562FfP
926,rjelfpp,vcompfortpp@tumblr.com,yKyaLD
927,bmussardpq,avigneronpq@deliciousdays.com,abTSaz
928,sshorthillpr,redlandpr@msu.edu,KzJpQ3AK
929,kskowcraftps,dmushettps@123-reg.co.uk,FtdLMR69mby
930,scaghanpt,rrevanpt@opensource.org,OHsC1qGq2h
931,ddonnelpu,gguepu@ucoz.com,MVP3GIwUVp
932,breymerspv,smirandopv@prnewswire.com,vWER2l
933,cgamblespw,cbowellpw@trellian.com,18u2oXd
934,ddearmanpx,negertonpx@theglobeandmail.com,qxASSnDY
935,ajorckepy,kmccleodpy@howstuffworks.com,1haWoQ
936,hschoberpz,mstobopz@netscape.com,eSIcb2z9
937,hedgecombeq0,bdubarryq0@drupal.org,SpOgFSiyr2t
938,dcappellq1,ljoselevitchq1@ycombinator.com,4ZQowNe
939,blembckeq2,psussansq2@de.vu,d9JwRX7QeuOv
940,coxtobyq3,gmatokhninq3@4shared.com,qqt9bzW
941,mmarshamq4,veggleq4@cargocollective.com,L8zzgy2eF
942,fprimroseq5,pandrzejq5@pcworld.com,eDWnxXlNjq6
943,swaymanq6,mdelacourq6@behance.net,BAsoNZre
944,nloomesq7,cakkerq7@dmoz.org,ZOc8X1
945,aetterq8,acoslettq8@home.pl,PDa5dV6GUNn
946,sgremaneq9,sashpoleq9@themeforest.net,GZKqIW7okR
947,sscanlanqa,gtatloweqa@princeton.edu,7Em8hWVBYnh
948,jfacheqb,mraoultqb@japanpost.jp,07P91sGw3b
949,csmorthwaiteqc,jhowesqc@cmu.edu,PC6mi8J
950,cleelqd,mviveashqd@miitbeian.gov.cn,Wb1bkd
951,fgiraudeauqe,ckeyndqe@wiley.com,3AYDQv7
952,ewyllcocksqf,joultramqf@dailymail.co.uk,HDy95xK
953,ospondleyqg,tgobelqg@japanpost.jp,Oraqo3B9V
954,spiellqh,bhawkingqh@geocities.jp,zBsFqNGi
955,lgladebeckqi,abundeyqi@quantcast.com,PYbArurUA1
956,rswadlingeqj,jmaccaffertyqj@photobucket.com,SiY923Pq6GzB
957,cgiralqk,nwakelinqk@washingtonpost.com,7JJ6n2WeQ2H1
958,aabberleyql,hthynnql@tinyurl.com,e4bZ5oFOxs
959,hwardinglyqm,cmcgrawqm@microsoft.com,5aDOpw
960,rkennsleyqn,arobinetqn@nsw.gov.au,qPsVXkyli
961,cpenningtonqo,mmabbittqo@furl.net,ihwcqZ6m0Fcl
962,mtibbqp,ainglesqp@paypal.com,uvOVsy6efEQ8
963,dgrinovqq,eflintuffqq@github.io,CBnohxUo
964,atrimbeyqr,onaisbittqr@g.co,Ni1bUvy
965,dputlandqs,bmuffittqs@loc.gov,c8fEyZox
966,kgibbettsqt,dizakqt@histats.com,4OP7Qv
967,rlinnettqu,bfranyqu@yellowpages.com,rjrx60NY6z3m
968,kbaszkiewiczqv,hshortonqv@histats.com,BR1UoImv9x
969,iricciqw,ismeesqw@newsvine.com,1OGMWqo
970,mludewigqx,mbertqx@upenn.edu,1YGvv7vyg2
971,vduboseqy,utrevertonqy@rakuten.co.jp,oNxb3IF39
972,mboaysqz,mgainqz@eventbrite.com,t0uvjKlX
973,etembridger0,ncarviller0@mozilla.com,L3JrsltiFgqo
974,reronier1,tgrombridger1@1und1.de,PDxHA6lnN0tD
975,tgriffittsr2,bverbeekr2@cmu.edu,JEybwDljVLmD
976,vedinburoughr3,jcasarinir3@elegantthemes.com,pAvLkTi
977,bgarletter4,rizaksonr4@wikispaces.com,qW6Xv4JHVW
978,jshowtr5,rsnelgarr5@about.me,V5qGHsa1J
979,cbrisr6,cocurneenr6@163.com,nvGuag
980,kbissillr7,bhellmerr7@alexa.com,qwqHZl
981,wsouthersr8,jsurgeonerr8@cnet.com,MfkVoVb
982,dsainterr9,sclementsr9@comcast.net,fElvt3qBnjET
983,mwitnallra,cetteryra@youtu.be,JNtGJ1u1
984,afouracrerb,mayscoughrb@smh.com.au,VjMOvg8HHi
985,clivingstonerc,gzuenellirc@mozilla.com,RmAkaA
986,tfairholmrd,dcansdillrd@canalblog.com,yJ50nQnpVsi
987,tbathre,gbuddenre@guardian.co.uk,5zc3D27be
988,cferrarirf,aaltenrf@linkedin.com,uh1WxrqQKcj
989,mhemphallrg,lwestwellrg@narod.ru,m3l9peq
990,nhalledayrh,kmcphadenrh@quantcast.com,K5JWTYw0
991,allywarchri,vdobbyri@altervista.org,vDtsg1
992,lhuckerj,ahawleyrj@dmoz.org,rxTONStWc10z
993,atrinerrk,rbehaggrk@google.es,GxWM8AGXdJiX
994,crannellsrl,bbentzenrl@360.cn,g7AvrOM8
995,hbrimblerm,rtitcumbrm@sina.com.cn,nE6n0XEX88D
996,dbixleyrn,sboylern@usa.gov,lhzMQY57z6gP
997,thryniewickiro,adornro@php.net,ZYAx4gkE
998,dmcgauhyrp,hpheasantrp@tripadvisor.com,MArVrC
999,eveallrq,bbaumerrq@g.co,hsQcRHWeLbNM
1000,afurphyrr,araperrr@oracle.com,oV36ZTXAx6
